s_ra,s_dec,target_name,band_list,t_exptime,gaia_source_id,sep_arcsec,gaia_match_quality,has_gaia
77.1141666666801,-21.025000000000254,1RXS_J050827.3-210130,7,846.72,,,good,False
262.3361600822039,-50.24833480897934,1RXS_J172919.1-501454,7,967.68,5.949369736173101e+18,,good,True
211.94950076519436,-39.762022904965654,1swasp_j140747.93-394542.6,7,9215.937,6.117085769513415e+18,,good,True
79.97204172952902,6.290335663759702,2MASS_J05195327+0617258,7,967.68,3.240927075399244e+18,,good,True
81.07975416666665,-16.020916666669997,2MASS_J05241914-1601153,7,876.96,2.983928735054718e+18,,good,True
169.64772789801944,-79.59858521594735,2MASS_J11183572-7935548,7,483.84,5.199797745697026e+18,,good,True
240.10884169998457,-41.89871110000274,2MASS_J16002612-4153553,6,907.2,5.995178826544423e+18,,good,True
240.2873048672952,-33.337389042738984,2MASS_J16010896-3320141,6,907.2,6.036037331464429e+18,,good,True
240.79915020212533,-32.65577669941338,2MASS_J16031181-3239202,6,907.2,6.036188926632561e+18,,good,True
242.23130640342873,-39.04284517034625,2MASS_J16085553-3902339,6,907.2,5.997457736191421e+18,0.08832045697804214,good,True
244.17493329997976,-36.84600830000342,2MASS_J16164198-3650456,6,907.2,6.021710385718856e+18,,good,True
245.86699999997623,-40.26023890000427,2MASS_J16232807-4015368,6,907.2,5.993917892878779e+18,,good,True
287.61758771411894,-23.33039660306178,2MASS_J19102820-2319486,7,846.72,4.080460377082576e+18,,good,True
308.4069628054709,-25.94821771408801,2MASS_J20333759-2556521,7,1692.366,6.800238044930953e+18,,good,True
23.657896808874316,-15.676374472383907,49_Cet,6,2842.56,2.451838022871837e+18,,good,True
23.65808617243877,-15.676384930992,49_Ceti,7,10401.708,2.451838022871837e+18,,good,True
23.658004284202757,-15.67638126845418,49cet,7,665.28,2.451838022871837e+18,,good,True
23.65792516002457,-15.67637622717388,49ceti,8,20721.886,2.451838022871837e+18,,good,True
69.40076501497607,-2.4738503110951036,51_Eri,6,1028.16,3.2050951253217004e+18,,good,True
199.5965193795544,-18.31571495227733,61_Vir,7,10963.288,,,good,False
94.80394445452606,-58.05410457528229,AB_pic,6,514.08,5.49505259669557e+18,,good,True
123.8470069053098,-38.98976215486709,ASASSN-21qj,7,5152.891,5.539970601632027e+18,,good,True
250.75525792611776,-17.90791909316339,ASAS_J164301-1754.4,7,876.96,4.1317585043933266e+18,0.1635720988946253,good,True
311.2906708333333,-31.342135833333337,AU Mic,6,6495.552,,,good,False
311.29132229400176,-31.342627050988856,AU_Mic,9,6319.212,6.794047652729201e+18,,good,True
55.879808959881586,22.158102286455115,BD+21_508,6,254.005,6.438063635091046e+16,0.2613858347872567,good,True
56.29128708756029,21.704314816251458,BD+21_516,6,254.005,6.359276754985011e+16,0.23481309643237339,good,True
60.221398611303414,23.19374766497444,BD+22_617C,6,254.008,6.548217520494925e+16,0.09081784809329783,good,True
51.9252899128184,23.803434387762287,BD+23_455,6,254.008,6.871195624976077e+16,0.26032493850109956,good,True
54.97391961993685,26.71675277291207,BD+26_592,6,254.007,7.099268266670285e+16,0.19698647666769745,good,True
36.86906710176241,30.975928764404756,BD+30_397B,7,1874.878,,,good,False
23.8085383337831,-7.214597763057959,Barta_161_12,7,876.96,2.4778707087099177e+18,,good,True
86.8204695823006,-51.066617842808185,BetaPic_bottom,7,3779.708,,,good,False
86.82113291532605,-51.06589450944063,BetaPic_ctr,7,3779.708,4.792774797545801e+18,,good,True
86.8217958314888,-51.06517062048762,BetaPic_top,7,3779.708,,,good,False
86.82122228139703,-51.06600331679675,Beta_Pic,3,8104.127,4.792774797545801e+18,,good,True
75.19673421770042,-57.256705940995765,CD-57_1054,7,2052.844,4.764027962957023e+18,,good,True
195.5558017091182,-76.63278094628892,CM_Cha,7,1814.4,5.789239989411573e+18,,good,True
340.7053687105806,-71.70615642206936,CP-72_2713,6,3810.189,6.382640367603744e+18,,good,True
130.6119154800483,-78.9631361378142,EK_Cha,7,514.08,5.209037736474705e+18,19.905453954271664,bad,True
53.75904163865584,23.70956126185156,EPIC_211046195,7,1270.08,6.801252941581683e+16,0.2653331993789102,good,True
130.82656335505175,-79.08822440258982,ET_Cha,7,54.432,5.209024366240982e+18,,good,True
53.22806815130576,-9.458205292922717,Epsilon_Eridani,6,3806.496,5.164707970261891e+18,,good,True
344.4143757416034,-29.62290486140328,Fomalhaut,6,4444.576,,,good,False
344.411808833862,-29.61755713817472,Fomalhaut_Apocenter,6,7399.013,,,good,False
344.4174956398363,-29.628660589021724,Fomalhaut_Pericenter,6,7399.012,,,good,False
352.1971208333333,5.247516666666667,G29-38,7,6955.2,,,good,False
4.280458160557414,40.94873412359358,GJ14,6,5607.403,,,good,False
77.96583430660628,-45.04753010348555,GJ_191,6,60464.065,,,good,False
6.959912825227786,-32.552091421933405,GJ_2006A,7,876.96,2.315841869173294e+18,0.4746754476029674,good,True
6.960043190973526,-32.55678336110836,GJ_2006B,7,876.96,,,good,False
111.85496549112013,5.20727767520902,GJ_273,6,85693.019,3.139847906306412e+18,,good,True
17.85693537474402,15.438700447585544,GJ_3076,7,1088.64,2.7833781620414807e+18,,good,True
229.8552916358109,-7.722781494270307,GJ_581,6,35931.836,,,good,False
213.90151991358505,1.288440540983692,GK_Vir,6,2540.147,3.6661669383571487e+18,0.034897241529856536,good,True
70.73609077320178,18.952184269356017,GL_176,6,16791.217,,,good,False
90.0162233538992,2.706346809982896,GL_3379,6,17862.368,3.316364602541746e+18,,good,True
218.56807176993803,-12.516357112001293,GL_555,6,12140.918,,,good,False
332.4241566743314,-4.640855653709925,GL_849,6,14653.514,,,good,False
273.59201903806274,-32.76968017220466,GSC_07396-00759,7,876.96,4.045698732855627e+18,,good,True
262.3361595013421,-50.24833331667466,GSC_08350-01924,7,967.68,5.949369736173101e+18,,good,True
260.23374996663455,-26.058811672845103,Gaia_DR2_4108404224585712768,6,302.4,4.1084042245857126e+18,,good,True
247.91941592918573,-24.42144471190479,Gaia_DR2_6047590759117265280,6,483.721,6.047590759117265e+18,,good,True
244.76764340326227,-26.9617133615394,Gaia_DR2_6048347979034299904,6,483.72,6.0483479790343e+18,,good,True
246.53875485586968,-24.570365091996393,Gaia_DR2_6049123615765201536,6,483.702,6.049123615765202e+18,,good,True
310.8135181564079,10.72644615523902,Gaia_DR3_1751335969361640192,7,5019.569,1.7513359693616402e+18,0.17530725103143024,good,True
161.06911347307414,-45.27044928740216,Gaia_DR3_5366813974272886528,7,2721.6,5.366813974272887e+18,,good,True
52.97338362,-25.61411285,HD 21997,7,1512.0,,,good,False
177.2625501792377,14.571547978596383,HD102647,6,18409.868,,,good,False
25.62392109062355,-53.74151359577984,HD10647,7,2298.24,,,good,False
184.7757852431724,16.547217182421225,HD107146,1,13456.608,,,good,False
189.00383977045587,-39.86965973208726,HD109573,7,876.96,6.147117727029872e+18,,good,True
189.6776107124959,-68.7637239584634,HD109832,8,1360.8,5.855753399177549e+18,,good,True
190.4716159672346,10.235041903003577,HD110411,6,12690.549,3.903402278745165e+18,,good,True
208.8284307254712,-53.52864013385462,HD121191,8,967.68,6.065138792911303e+18,,good,True
209.42113026372505,-47.009640820197106,HD121617,8,846.72,6.095178206488363e+18,,good,True
223.78330657349963,-41.120525321105184,HD131488,7,17231.438,6.101164531905527e+18,,good,True
224.22681671235128,-35.695580187086584,HD131835,8,846.72,6.202242567124829e+18,,good,True
233.8169623370961,-25.73433440008403,HD138813,7,1481.76,6.23772975158646e+18,,good,True
235.0474801160529,-70.22818682133449,HD138965,6,2449.44,5.819811291755503e+18,,good,True
34.32889953377594,33.84692436195447,HD14055,6,1300.32,3.261096898967656e+17,0.19000758739344914,good,True
237.23645129335677,-3.8184615972093807,HD141378,6,14182.306,4.4024459363057085e+18,,good,True
237.49050125161708,-3.921334168636769,HD141569,7,15597.061,4.399438153527026e+18,0.2090357036445061,good,True
239.1666983783059,-22.027900020469172,HD142666,6,1300.32,6.24348971505106e+18,,good,True
243.39287140476637,-45.81790155486334,HD145560,7,19685.034,5.990267273750368e+18,,good,True
244.87177784071696,-21.403830352236017,HD146897,8,20320.278,6.244295760151547e+18,,good,True
250.40292399660984,26.91665578526982,HD150682,6,1360.8,1.3015187186916e+18,,good,True
36.5682755791988,6.292218602779065,HD15115,7,34018.433,2.5173978467864525e+18,,good,True
37.04147233713497,29.668787392040905,HD15257,7,31595.187,1.3147177072520563e+17,0.5812189544427296,good,True
255.02606950807325,-54.59765117850405,HD153053,6,19896.53,5.917719984738399e+18,,good,True
260.21075713311416,-45.42112055904918,HD156623,7,1209.6,5.952702871347478e+18,,good,True
262.20656116822835,0.3307303341958834,HD158352,6,876.96,4.373966832796402e+18,,good,True
266.9730439847833,2.7069011711281874,HD161868,6,4354.556,4.47209742094681e+18,,good,True
270.7642427186041,-51.64938508933216,HD164249,6,423.36,6.702775135228914e+18,63.213340824782364,bad,True
39.78218216120224,-52.93453576493832,HD16743,6,5805.983,4.742097275828451e+18,,good,True
278.25440997833607,-39.89242974696732,HD170773,6,4172.949,6.723753061177741e+18,0.31493062189210297,good,True
281.3624150965155,-64.87190706101953,HD172555,6,453.6,6.438274350302428e+18,,good,True
290.71355005058575,-54.42428897393634,HD181296,6,846.159,6.643602576214115e+18,,good,True
290.74580259388324,-54.538438242759185,HD181327,8,2872.8,6.643589352010758e+18,,good,True
291.7354572032394,-29.74348406878292,HD182681,6,1632.549,6.758468487246534e+18,,good,True
302.2719508511789,-26.224390820648537,HD191089,6,816.48,6.84714678438446e+18,,good,True
319.6153488904904,-43.33454106194144,HD202628,6,8799.322,6.577318075351824e+18,,good,True
324.3382742073311,-18.441715673726687,HD205674,6,816.48,6.831554747427433e+18,,good,True
326.3417696071705,-12.7833517097229,HD206893,7,16216.478,6.843672087120108e+18,,good,True
336.56002567149517,-2.7893946575743187,HD212695,6,846.72,2.6290419482330655e+18,,good,True
344.4153882167467,-29.6234324421183,HD216956,1,10401.626,,,good,False
52.97395905573478,-25.614260454767532,HD21997,7,5926.907,5.084963312478489e+18,,good,True
75.61435562190026,7.460866807888706,HD32297,7,9192.114,3.2899026905545743e+18,,good,True
81.65254439002113,-22.489947782565203,HD35841,6,1631.906,2.9588336233993713e+18,,good,True
2.107886413063969,6.616788416193775,HD377,6,6704.656,2.745647973856852e+18,,good,True
86.82125447581116,-51.06591790134831,HD39060,1,13910.16,4.792774797545801e+18,,good,True
104.99636377217855,-61.33443342921032,HD53143,6,12998.524,,,good,False
113.9473295136604,-32.20341706314799,HD61005,7,6256.967,5.592237639209047e+18,,good,True
134.3970654842217,15.581415054221416,HD76582,7,5987.401,6.105494997109894e+17,0.44757043602363156,good,True
147.2616323923897,34.08503878870467,HD84870,7,37725.439,7.945037736347231e+17,0.4303371366509042,good,True
164.26187344382367,-68.66726679787949,HD95086,7,8436.801,5.231963962676293e+18,,good,True
23.658031449886987,-15.676382352512563,HD9672,7,2993.76,2.451838022871837e+18,,good,True
169.49183152623502,-64.04260352039618,HD98363,8,1088.64,5.24064398851331e+18,,good,True
173.27290672436536,-54.32462747272777,HD_100453,5,1602.72,5.345011040956367e+18,,good,True
179.66157093607475,-52.768826525271514,HD_104021,6,332.64,5.368481662840657e+18,,good,True
180.6563620585274,-69.19233368543233,HD_104600,6,1905.117,5.859187277060334e+18,,good,True
182.019942651001,-50.76371059506571,HD_105383,6,1481.76,6.12646913918668e+18,0.23269843950061672,good,True
182.41116515716203,-58.34971981581669,HD_105613,6,1571.746,6.071348491003884e+18,,good,True
182.5467448189752,-46.98758378944452,HD_105714_A,6,332.64,6.131073928238087e+18,,good,True
182.7740536705215,-56.40142385497421,HD_105857,6,1571.787,6.072504073402829e+18,,good,True
25.62344475810278,-53.74130663287519,HD_10647,6,4775.526,4.912580642524185e+18,,good,True
183.73450146623333,-47.94858015170662,HD_106473,6,1451.52,6.130345536147985e+18,,good,True
184.27570053230377,-65.69302308906896,HD_106797,6,1814.398,5.860789299912353e+18,,good,True
184.47136582997203,-55.97557205075587,HD_106906,6,635.04,6.072902994276659e+18,0.09752377098154283,good,True
184.77600557972707,16.547418703959288,HD_107146,7,2600.64,,,good,False
185.0801998865358,-51.21870515127026,HD_107298,6,332.64,6.125788094812376e+18,,good,True
188.12250398770303,-49.94293089470038,HD_109111,6,332.64,6.127281296018075e+18,,good,True
188.49206664866972,-56.5708598162732,HD_109276,6,362.825,6.073202027084284e+18,,good,True
26.527469313098976,-53.52164494209827,HD_10939,6,5440.664,,,good,False
189.67778414973264,-68.76370399699573,HD_109832,6,937.44,5.855753399177549e+18,,good,True
189.94230768181956,-49.19881726633716,HD_110058,6,544.32,6.127782196588876e+18,,good,True
190.47189358543153,10.235146438720797,HD_110411,6,3083.972,,,good,False
190.63133800600775,-47.267092529070155,HD_110444,6,332.64,6.128893287446087e+18,,good,True
192.45301114518145,-51.39313124284857,HD_111436,6,332.64,6.078388560857859e+18,,good,True
194.35847102669243,-67.96080226013116,HD_112383,6,1905.117,5.857261551179958e+18,,good,True
194.541508418238,-54.18581671305627,HD_112532,6,1905.12,6.073874172274613e+18,0.228366375904042,good,True
196.2579665398748,-64.4416894357759,HD_113457,6,1814.398,5.862028930545928e+18,,good,True
196.64912726364105,-46.033963212030535,HD_113766,6,544.32,6.086467149517306e+18,,good,True
197.31715364933285,-60.30842233732973,HD_114082,6,635.04,6.055854551117477e+18,,good,True
27.7262879421239,-50.20616017695848,HD_11413,6,16692.438,4.940552596292014e+18,,good,True
198.36428735022665,-45.736527757282325,HD_114788,6,332.64,6.088022447375886e+18,,good,True
199.8311607638113,-59.47241267396905,HD_115600,6,635.04,6.061991269115435e+18,,good,True
199.59584753230592,-18.316327878338804,HD_115617,7,9066.206,,,good,False
200.1114002991836,-49.22379849962425,HD_115820,6,1964.626,6.083262244920009e+18,,good,True
200.63262302742692,-52.168539411752604,HD_116116,6,362.831,6.068501851076293e+18,,good,True
201.09083589729073,-53.99968127942877,HD_116388,6,362.839,6.067344516312101e+18,,good,True
201.25234802806537,-43.92254095030293,HD_116553,6,967.668,6.088404871264435e+18,,good,True
201.3746579974839,-52.362175361547955,HD_116587,6,362.819,,,good,False
201.43587085471876,-47.8191423690062,HD_116649,6,1994.972,6.083482838752152e+18,,good,True
201.48266991369297,-51.177292621318415,HD_116651,6,362.823,6.070094085654316e+18,4.332475046144746,questionable,True
202.53709001382444,-58.48463603542229,HD_117214,6,1149.12,5.870290798365686e+18,,good,True
202.8788275870738,-46.73533104219078,HD_117484,6,1934.668,6.084120933444617e+18,0.18209441533300982,good,True
203.16327159217784,-44.45036906335509,HD_117665,6,967.666,6.08763706855128e+18,,good,True
204.3238415694568,-40.898003270466,HD_118379,6,967.666,6.112995173937285e+18,,good,True
204.67842102629135,-44.51641218684897,HD_118588,6,967.667,6.108418181912503e+18,,good,True
205.4733086286811,-43.176851166405726,HD_119067,6,967.667,6.111637861196574e+18,,good,True
205.68136407002115,-43.18600888272329,HD_119221,6,332.64,,,good,False
206.23868373821043,-45.22328010715489,HD_119573,6,967.666,6.108176804749968e+18,,good,True
206.4412094234628,-34.74539479261991,HD_119740,6,302.4,6.164261930805374e+18,,good,True
207.4768101289359,-50.24009897602297,HD_120326,6,2049.272,6.093660880442333e+18,,good,True
208.82835089948557,-53.52871091830691,HD_121191,6,5201.209,6.065138792911303e+18,,good,True
209.42114479440016,-47.00960933439892,HD_121617,6,2540.16,6.095178206488363e+18,,good,True
210.97400132237584,-53.77460436602057,HD_122513,6,2236.867,5.896756833463695e+18,,good,True
211.17535424105708,-50.071544233938006,HD_122705,6,2049.336,6.090684674269293e+18,,good,True
211.5421507217427,-41.17483099255267,HD_123021,6,967.674,6.110115621706656e+18,,good,True
215.29789987464383,-41.70704335847684,HD_125541,6,967.674,6.103740000452635e+18,,good,True
215.4517742250622,-38.68097268401716,HD_125647,6,967.674,6.116683004659018e+18,,good,True
215.7405625548492,-46.27951828595579,HD_125777,6,453.529,6.093237431027231e+18,,good,True
216.15394761359988,-47.177882665641,HD_126062,6,967.673,6.092860092382069e+18,,good,True
216.4470830300531,-60.494635392008526,HD_126116,6,362.88,5.878695190318304e+18,,good,True
217.11051543800968,-45.87306457516976,HD_126710,6,453.521,6.099080472034577e+18,,good,True
218.01729707776255,-46.10012422843685,HD_127326,6,453.519,6.098288690525429e+18,,good,True
218.19421443440183,-43.617812091460856,HD_127466,6,453.523,6.099917616999994e+18,0.7254226049856679,good,True
218.63915847366357,-46.304926873129304,HD_127750,6,967.674,6.09831411242767e+18,,good,True
219.35441046817652,-36.7229123474345,HD_128360,6,423.321,6.106767986755152e+18,,good,True
221.12887570983264,-39.98917117702947,HD_129590,6,846.72,6.102199477284608e+18,,good,True
222.1390128114716,-30.446637997919847,HD_130361,6,393.089,6.21775485513416e+18,3.221028310548225,questionable,True
223.78332788737785,-41.12049448063266,HD_131488,6,1360.8,6.101164531905527e+18,,good,True
224.22683677083853,-35.695560176043806,HD_131835,7,1874.88,6.202242567124829e+18,,good,True
224.34170712556693,-27.320883596583467,HD_131960,6,1844.64,6.225298840624108e+18,,good,True
224.8078681469113,-37.88137096585314,HD_132238,6,1451.482,6.198727978207576e+18,,good,True
225.49371535101923,-45.84863021583494,HD_132690,6,1450.988,5.906941644021802e+18,,good,True
226.04431867420112,-31.937098414352864,HD_133195,6,362.848,6.204792540747133e+18,,good,True
226.29729246875968,-47.57620375968427,HD_133263,6,332.64,5.903588442799784e+18,,good,True
226.2430090984169,-37.689220728983656,HD_133319,6,1451.479,6.198061605441186e+18,,good,True
226.55792862343552,-37.29019597310545,HD_133531,6,483.764,6.199574705240285e+18,,good,True
226.8120251501485,-29.504675817329662,HD_133803,6,1360.757,6.212050520082538e+18,,good,True
227.00430346491288,-43.71269542683763,HD_133820,6,1450.844,6.003604487219268e+18,,good,True
228.52895220261647,-38.152487655002446,HD_134989,6,483.771,6.007091279106121e+18,,good,True
228.88083799005108,-49.2129489909507,HD_135132,6,332.64,5.902239097218925e+18,,good,True
228.98290241052683,-47.158511208939125,HD_135255,6,332.64,5.903800408033823e+18,,good,True
229.36484067699115,-43.38396563938988,HD_135583,6,1451.013,6.003861291905112e+18,,good,True
229.68418078114047,-48.906920642970846,HD_135769,6,332.64,5.902614619108981e+18,,good,True
229.77914334501256,-42.4379114053082,HD_135878,6,483.759,6.003925613336937e+18,,good,True
230.4668166138553,-37.549039833965736,HD_136423,6,483.754,6.007365675977443e+18,,good,True
230.54673507520303,-37.635778798697736,HD_136482,6,1451.48,6.007352550557348e+18,,good,True
231.53367597934377,-53.5579561444958,HD_137041,6,332.64,5.888550525382223e+18,,good,True
231.37551212536212,-36.199599053786976,HD_137119,6,1451.475,6.013716695655007e+18,,good,True
231.69460462720383,-35.78081949059026,HD_137350,6,483.755,6.013755556519319e+18,,good,True
232.58682616192303,-41.92030719324567,HD_137919_B,6,483.759,6.002393203373007e+18,,good,True
232.5945361006827,-38.31745326492329,HD_137953,6,483.759,6.006380307403018e+18,,good,True
232.6532132536358,-37.69041791841352,HD_137990,6,483.739,6.012593235290102e+18,,good,True
232.9943879051719,-28.758752250032934,HD_138270,6,302.4,6.210223956386282e+18,0.6606699093002636,good,True
233.426360433996,-20.54885675075601,HD_138574,6,604.778,6.253677205677626e+18,0.6123290712508047,good,True
233.62511796768771,-21.919055709560254,HD_138721,6,574.537,6.241240904531925e+18,,good,True
234.0471933665001,-33.09295352123837,HD_138923,6,1391.028,6.015986534331026e+18,,good,True
234.7376196427192,-57.70693430392608,HD_139084B,7,1028.16,,,good,False
235.19312601801136,-42.498339340099164,HD_139614,5,1481.76,6.001669793442285e+18,,good,True
235.29632436762236,-44.662423861515805,HD_139664,6,4595.772,5.98910247861952e+18,,good,True
236.09044712753172,-30.20086546829864,HD_140390,6,1391.028,6.016800001138806e+18,,good,True
236.3339831156005,-39.77351785399384,HD_140498,6,483.772,6.008239375410159e+18,,good,True
236.704909108408,-25.243028372291143,HD_140855,6,302.4,6.235143180545302e+18,,good,True
237.1267627310896,-32.086783418761094,HD_141133,6,6168.929,6.015637027078947e+18,,good,True
237.30777830525057,-30.21023416527755,HD_141253,6,302.4,6.040771725447137e+18,,good,True
237.4905213890835,-3.9213040661758543,HD_141569,6,1330.56,4.399438153527026e+18,0.08219659645573452,good,True
237.62718392197007,-20.84839316742241,HD_141575,6,272.121,6.240862122778321e+18,,good,True
238.0781057956106,-39.51632867582559,HD_141779,6,483.745,6.008413510565573e+18,,good,True
238.0378039758656,-21.683399155707264,HD_141882,6,272.115,6.240570099361925e+18,,good,True
238.2355018334989,-29.842974402323893,HD_141960,6,3689.218,6.040704827039124e+18,,good,True
237.80799209947392,35.65544386577038,HD_142091,6,11844.418,,,good,False
239.6264715725523,-20.893593190864053,HD_142988,6,272.122,6.246665723107547e+18,,good,True
239.87842751588585,-40.86539708403356,HD_143022,6,302.4,5.996123066495775e+18,,good,True
239.77879108545255,-19.935455930839453,HD_143093,6,272.11,6.247340788886584e+18,,good,True
240.0929466659774,-38.99398326870252,HD_143181,6,1118.88,5.997986601284941e+18,4.187795575173674,questionable,True
240.8062688771579,-35.28764481087004,HD_143675,8,1209.6,6.011074324396445e+18,,good,True
241.23093891080737,-20.900272915613044,HD_144113,6,272.123,6.243989301345821e+18,,good,True
241.43672307081,-19.681306953425004,HD_144273,6,272.126,6.247236060405826e+18,,good,True
241.6382638077224,-39.25966212613976,HD_144277,6,1965.6,5.997064935667763e+18,,good,True
242.13051670064516,-35.16399980470274,HD_144691,6,1391.026,6.034863564137379e+18,,good,True
242.43543290850155,-47.36302438573325,HD_144795,6,332.64,5.984075751987548e+18,,good,True
242.9307044687335,-54.598084710649054,HD_145078,6,332.64,5.932535491708198e+18,,good,True
242.4918077671526,-22.409856270329247,HD_145101,6,2449.44,6.242853303975004e+18,,good,True
242.81637056584583,-23.20432170230624,HD_145333,6,272.123,6.242196070900654e+18,,good,True
243.0695792617968,-42.37522289714821,HD_145357,6,1209.6,5.993268150231566e+18,,good,True
242.99377766973976,-19.450459778647513,HD_145501_A,6,272.121,6.245698187231875e+18,,good,True
243.0248487907188,-19.062586734361503,HD_145519,6,272.124,6.245861602145571e+18,,good,True
243.29825577736088,-22.48531953972073,HD_145718,6,1300.32,6.242664222334855e+18,,good,True
243.36656418204092,-27.40404132968172,HD_145719,6,483.711,6.042277953299752e+18,,good,True
243.67999263092193,-39.131212810421175,HD_145840,6,302.4,5.997175092984856e+18,,good,True
243.74058705290236,-39.62795468608063,HD_145880,6,786.24,5.997144169219985e+18,,good,True
243.5853265810069,-22.136316807263867,HD_145942,6,272.122,6.242770836302871e+18,,good,True
243.62017627918755,-21.10780226345484,HD_145964,6,1360.8,6.243044378479192e+18,,good,True
244.0158060864233,-49.07502850339176,HD_145972,6,1451.52,5.935598765341599e+18,,good,True
243.7835456072233,-24.58871305558116,HD_146055,6,483.727,6.049686973740646e+18,0.5912358504442157,good,True
244.34451938052712,-42.83823836157657,HD_146290_A,6,332.64,5.992457707091077e+18,,good,True
244.18424363953295,-25.229492006555827,HD_146330,6,483.722,6.048851310543792e+18,,good,True
244.36203101145983,-23.34207601042922,HD_146494,6,483.72,6.05035417113868e+18,,good,True
245.05119380251872,-39.50083150155193,HD_146905,6,302.4,5.994194007714171e+18,,good,True
245.06251255982997,-25.645890520486923,HD_147013,6,483.728,6.048580285228456e+18,,good,True
246.24291723598137,-48.60159878458413,HD_147558,6,1451.52,5.941492693109589e+18,,good,True
246.5410058812561,-41.22632778637954,HD_147875,6,332.64,5.99306236974445e+18,,good,True
247.48312454476377,-26.59088056373072,HD_148563,6,483.731,6.045625175931735e+18,,good,True
248.8277134802474,-42.24010153830787,HD_149230,6,332.64,5.968523434867356e+18,,good,True
249.16328823638733,-19.602341864366085,HD_149619,6,302.4,4.1311440191308324e+18,,good,True
249.88867721051827,-39.60943591474844,HD_149938,6,423.227,5.969457126408117e+18,,good,True
249.99112351201583,-39.78918274169973,HD_150004,6,423.23,5.969451113483612e+18,0.5079218344925217,good,True
250.13696658211288,-38.2270281674736,HD_150107,6,423.227,6.019085610970194e+18,,good,True
250.62694018073572,-38.930338642242646,HD_150398,6,423.226,5.971000668971868e+18,,good,True
250.79668692821735,-43.653129537886265,HD_150477,6,459.503,5.967590877215961e+18,,good,True
250.9852728157995,-38.33403387312876,HD_150641,6,423.23,5.971042858373753e+18,0.6059142323603895,good,True
251.57053602848137,-39.272771537276654,HD_150988,6,1391.036,5.970758535889043e+18,,good,True
251.5548461795671,-39.74598462668706,HD_150989,6,423.221,5.970672288599121e+18,,good,True
251.75689531786497,-39.53401172206294,HD_151109,6,1391.036,5.970681157767308e+18,,good,True
36.56807287135081,6.292330410542879,HD_15115,6,907.2,2.5173978467864525e+18,,good,True
252.60249882597043,-38.04870078318064,HD_151681,6,423.224,5.971298529186955e+18,,good,True
253.6419431337381,-38.10578616463289,HD_152369,6,1391.036,5.971248260889726e+18,,good,True
253.7434133832448,-41.09307068401046,HD_152407,6,459.505,5.969567485567967e+18,,good,True
254.00292728667267,-37.51278491622844,HD_152621,6,1391.036,5.971366394029696e+18,,good,True
254.41426291551383,-37.80804932613156,HD_152870,6,392.993,5.970593231205906e+18,,good,True
254.47454931924912,-27.611136939339485,HD_152989,6,1935.36,6.033260858500219e+18,,good,True
257.3753552118835,-46.541508928262054,HD_154743,6,423.188,5.962957329056629e+18,,good,True
257.6829235495523,-22.004830442026503,HD_155142,6,302.4,4.11540172707193e+18,,good,True
258.0049058355162,-25.681922632791704,HD_155334,6,302.4,4.1093668513917594e+18,,good,True
259.3802625158159,-66.95226502812297,HD_155555C,7,1270.08,5.811866358170877e+18,,good,True
258.9094639997313,-33.834109077195734,HD_155853,6,4898.879,5.978966385844419e+18,0.19195005764152065,good,True
260.21078071851355,-45.42108135899331,HD_156623,8,4959.162,5.952702871347478e+18,,good,True
38.23284679553951,37.33337626319963,HD_15745,6,1270.08,3.3364952216496026e+17,0.16887594787270493,good,True
261.818738269425,-28.77045674235855,HD_157918,6,302.4,4.0596493751824456e+18,,good,True
262.20625498783204,0.3308189164431879,HD_158352,6,1451.52,,,good,False
264.2442872067169,-32.12886695326385,HD_159595,6,1723.68,4.055010982172546e+18,,good,True
264.65298115831695,-42.73419492899632,HD_159807,6,332.64,5.955946636792294e+18,,good,True
39.78238687403761,-52.934455216068685,HD_16743,9,1413.12,4.742097275828451e+18,,good,True
276.97794689506617,-1.093607811382744,HD_170116,6,5443.124,4.272791731319533e+18,0.12058250226189197,good,True
277.8468400519288,-34.75042013723623,HD_170535,6,604.791,6.734855001900425e+18,,good,True
285.528332799075,-36.36180353829644,HD_176497,6,3447.359,6.731251799189398e+18,,good,True
291.55522421666757,20.097386938934253,HD_182919,6,3689.245,4.515892996332249e+18,,good,True
292.2540942315203,1.950127949358842,HD_183324,6,1451.52,4.287948945800741e+18,,good,True
302.27195642115487,-26.224383463467017,HD_191089,6,1421.28,6.84714678438446e+18,,good,True
304.5660979152868,-42.860358868030154,HD_192758,6,2419.2,6.680036513203407e+18,0.14841517472672666,good,True
319.61515307838386,-43.33455735321729,HD_202628,6,36339.207,6.577318075351824e+18,,good,True
320.20838270750653,-53.03466890502842,HD_202917,6,2540.16,6.463782435948431e+18,,good,True
326.3417660918875,-12.78335151873893,HD_206893,6,11610.228,6.843672087120108e+18,,good,True
327.0667520166924,-47.304950451751665,HD_207129,6,4655.507,6.564091190988412e+18,,good,True
52.97384379950127,-25.614227939257333,HD_21997,6,1844.64,5.084963312478489e+18,,good,True
353.9009625335853,8.382421784145073,HD_221853,6,2570.4,2.7582295823349765e+18,0.1520502224425354,good,True
54.35030445515173,22.350733382905513,HD_22444,6,254.005,6.457573094490355e+16,0.17710643063019071,good,True
54.78814166185672,24.3675727718061,HD_22627,6,254.006,6.825026444515994e+16,0.18428151775165436,good,True
54.92173747829542,23.29063474055544,HD_22680,6,254.0,6.51135596343392e+16,0.3043597416560603,good,True
56.24560264563165,22.032210704653668,HD_23312,6,254.0,6.473924894023539e+16,0.16938754874554537,good,True
56.0399870671993,-38.27986808902504,HD_23484,6,13758.239,,,good,False
56.83711883725805,25.5255797937862,HD_23598,6,254.005,6.996487981301325e+16,0.2293532072860599,good,True
57.470596493943994,25.647202281262057,HD_23935,6,254.005,6.698036287737843e+16,0.1750304230395837,good,True
57.57374650426681,25.379306721784996,HD_23975,6,254.005,6.696026243059482e+16,0.210968952151298,good,True
76.73129507920447,10.997639977052868,HD_240779,7,3084.156,3.291818722708659e+18,0.5705543586554949,good,True
57.77651854008492,25.594448652453114,HD_24086,6,254.005,6.696967699882458e+16,0.16655005717693155,good,True
58.22291510379928,24.715472098523428,HD_24302,6,254.0,6.665556026986854e+16,0.21242680515837964,good,True
58.59007000461442,24.075435887563724,HD_24463,6,254.005,6.58199657920119e+16,0.21296263723548803,good,True
71.7065621900037,-26.302475061257436,HD_30447,6,2328.48,4.881312593414912e+18,,good,True
73.95101631073861,30.3377592878022,HD_31305,6,1844.64,1.5690116827711475e+17,0.17027207254021925,good,True
73.51861752975597,-35.403397445480756,HD_31392,6,26624.405,,,good,False
250.5601341639233,-39.863716055110906,HD_321933,6,392.992,5.969392049083648e+18,,good,True
75.61435174738531,7.460902337394248,HD_32297,6,4838.383,3.2899026905545743e+18,,good,True
81.65254206358175,-22.489945247984014,HD_35841,6,2812.32,2.9588336233993713e+18,,good,True
83.3782527191793,24.62840475323168,HD_36546,6,3568.297,3.416768877653289e+18,,good,True
9.736778698536282,-52.534419513977696,HD_3670,6,2540.16,4.924930906883506e+18,,good,True
84.28675346720524,-11.77565426659115,HD_37306,6,1360.8,3.010113299530082e+18,,good,True
84.87976978978553,-3.564687613462008,HD_37594,6,10764.354,3.2157954350436183e+18,,good,True
85.83741563809188,-20.18931717384953,HD_38207,6,2812.32,2.9667799957938903e+18,,good,True
85.89937005513038,-39.9234540928803,HD_38397,6,2388.96,4.80816583003042e+18,,good,True
87.14584001201311,-4.095671794005552,HD_38858,6,4898.644,3.0237112690671913e+18,0.07072744623561644,good,True
96.18149521167705,-28.780968150488132,HD_45184,6,25789.557,,,good,False
100.75432919720896,-2.889043835624662,HD_48370,6,1874.88,3.1057497486293847e+18,,good,True
102.50425818177304,-60.248581814210326,HD_50571,7,2147.04,5.480006192386819e+18,,good,True
13.646876284071386,19.188329453036612,HD_5267,6,1814.4,2.789007592856305e+18,,good,True
113.947453089975,-32.20355363239682,HD_61005,6,2661.118,5.592237639209047e+18,,good,True
124.6017730054643,-12.639026782558927,HD_69830,7,17279.683,,,good,False
134.39710146077078,15.58142683179492,HD_76582,10,2856.96,6.105494997109894e+17,0.5793160136794202,good,True
154.86880056040118,6.582637615221271,HD_89452,6,22980.258,3.861752365967698e+18,,good,True
169.49093063402483,-46.09844831725686,HD_98303,6,332.64,5.374757056729348e+18,,good,True
169.49196027004572,-64.04259933789055,HD_98363,6,876.96,5.24064398851331e+18,,good,True
170.52157755928042,-24.777812062210856,HD_98800,6,4063.993,3.5344145903038075e+18,,good,True
24.483999707343408,21.2610774305614,HD_9985,6,5503.611,9.668425361395533e+16,0.096018944059205,good,True
56.61404243907536,25.13530420568432,HII_1015,6,254.005,6.98476100266871e+16,0.1330315495489412,good,True
55.85233652166746,23.225705268469618,HII_102,6,254.006,6.506370794977254e+16,0.13894790600927207,good,True
56.66166090429151,24.959376184292495,HII_1101,6,254.005,6.683845286127027e+16,0.2185914616855547,good,True
56.65719076143835,23.787496970476415,HII_1117,6,254.006,6.519997867275827e+16,0.31302710133750633,good,True
56.660109044617066,22.919545853992297,HII_1132,6,254.006,6.480820463839091e+16,0.2042456832125948,good,True
56.66676545446967,23.110079793523887,HII_1139,6,254.005,6.49528290746889e+16,0.17051799454083708,good,True
56.696186637923496,22.91431145119361,HII_1182,6,254.005,6.489901742687296e+16,0.24619556869476705,good,True
55.88326776618472,23.67381839696278,HII_120,6,254.005,6.523210502817216e+16,0.16632586677316252,good,True
56.71067823635618,23.238976618761765,HII_1200,6,254.007,6.496062873527923e+16,0.11167588896764356,good,True
56.79202619303448,24.276403222949565,HII_1309,6,253.977,6.672926190848205e+16,0.22025313859464524,good,True
56.81913923763024,24.128197631111934,HII_1338,6,253.991,6.671517441576474e+16,0.21521060607909107,good,True
56.91854167001497,24.364583330003377,HII_1514,6,254.016,6.673709592881165e+16,0.8541400729442651,good,True
55.907368535942155,23.53575169835536,HII_152,6,254.005,6.508933601817344e+16,0.2588545221298209,good,True
56.96879058595186,23.94122003139856,HII_1613,6,254.01,6.50204146798793e+16,0.8875134533973765,good,True
57.029686436899496,24.14190864040187,HII_1726,6,253.96,6.671304411256486e+16,0.9030359516217635,good,True
55.95181959893646,25.18988031878589,HII_173,6,254.005,6.988341717017549e+16,0.06787725623488777,good,True
55.95157203880474,25.004118939201103,HII_174,6,254.005,6.987671272433946e+16,0.377032901180729,good,True
57.07044236976729,25.214879755977737,HII_1766,6,254.005,6.693984844702758e+16,0.21756223132203864,good,True
57.07384859509675,25.04761892241433,HII_1776,6,254.006,6.683210060515942e+16,0.14643506562251454,good,True
57.07045833001554,23.636805560003364,HII_1797,6,254.016,6.49995883815145e+16,0.8226318324473139,good,True
57.10915438674084,24.04820557494121,HII_1856,6,254.005,6.652389375343782e+16,0.1515859425351007,good,True
57.14504474717648,24.180887130912204,HII_1912,6,253.989,6.671861038957709e+16,0.3602722861845732,good,True
57.14393493801172,23.43456586122931,HII_1924,6,254.005,6.494121118603635e+16,0.18240706466106746,good,True
57.20394848611017,24.267436049466205,HII_2027,6,253.999,6.67209468517719e+16,1.0145074468313,questionable,True
57.27557734004347,23.781042234240143,HII_2147,6,254.006,6.65034497092704e+16,0.0907875705956882,good,True
57.29904203546693,24.63635528042978,HII_2172,6,254.006,6.677114642945459e+16,0.1976532167890083,good,True
57.357298243517384,24.937372292542243,HII_2278,6,254.005,6.687343107278861e+16,0.3352322815338081,good,True
55.729772446476254,24.492837795619728,HII_25,6,254.006,6.831056148971034e+16,0.14185131189515182,good,True
56.01776797210079,24.989584269047544,HII_250,6,253.997,6.982960981991565e+16,0.14405131346822836,good,True
57.485503237668254,23.21837668931851,HII_2506,6,254.006,6.492441357110195e+16,0.20062813163165083,good,True
57.58707917002112,24.466755560004277,HII_2644,6,254.016,6.656536595767642e+16,0.866729991184975,good,True
57.66711453716648,23.932811094436023,HII_2786,6,254.006,6.646293957786125e+16,0.22172351212964045,good,True
57.72633333002144,23.834888890004223,HII_2881,6,254.016,6.645861025161754e+16,1.002397664202803,questionable,True
56.058116910257134,24.779131166950208,HII_293,6,254.005,6.832214501842995e+16,0.2382341241735561,good,True
57.86353116890616,24.518397985249436,HII_3031,6,254.003,6.665741569629734e+16,0.22788973251917516,good,True
57.91865329136113,24.98293671740147,HII_3097,6,254.005,6.686305873096653e+16,0.15643006538157972,good,True
56.083825422425534,24.79593684028256,HII_314,6,253.962,6.981163967676954e+16,0.11004659843989706,good,True
57.987052231275264,23.901705629797664,HII_3179,6,254.005,6.647122027493427e+16,0.18925562913470315,good,True
56.169907504070515,24.818281940677046,HII_405,6,253.988,6.981194891440717e+16,0.19343385074533176,good,True
56.23499997584878,24.43261110906833,HII_489,6,254.016,6.529543002635251e+16,0.7857421221026837,good,True
56.2667928058901,25.257601972166732,HII_514,6,254.006,6.984087981404787e+16,0.17464322337538613,good,True
56.31410790662829,25.28921837343055,HII_571,6,254.006,6.986431315560512e+16,0.24677309495321514,good,True
56.41748301125796,24.627026629966053,HII_727,6,254.007,6.680265430945971e+16,0.04902966023925442,good,True
56.42561190475926,24.905761759644655,HII_739,6,254.004,6.981634696088678e+16,0.11630899778043123,good,True
56.541970715776635,23.33973124178768,HII_923,6,254.004,6.49711771748503e+16,0.23169534374076334,good,True
56.5945303642974,24.56988084776331,HII_996,6,254.006,6.67882919388183e+16,0.2594163430209237,good,True
34.353456760107846,28.741417493164015,HIP10679,6,514.08,1.0777419847460237e+17,0.2300346834431669,good,True
36.872298436983534,30.97319910223908,HIP11437,6,574.56,1.3236295925919603e+17,0.07745054331454325,good,True
106.58725956324956,-43.61069342617807,HIP34276,6,8799.752,5.559301562234019e+18,,good,True
155.74191788063598,-66.90142324575172,HIP50847,7,5685.118,5.245074230075552e+18,,good,True
179.79422532552348,-45.83227788082971,HIP58452,7,2902.246,5.377909459643206e+18,,good,True
181.1881075571415,-59.25333133310307,HIP58901,7,3356.492,6.071169133172136e+18,,good,True
182.0214352619788,-50.66134453487449,HIP59173,7,2902.048,6.126517517699891e+18,,good,True
183.78588352618743,-58.748993679568734,HIP59747,7,3356.493,6.071060144089352e+18,,good,True
184.6088031423018,-64.0031251698245,HIP60009,7,3265.89,6.053327426740165e+18,,good,True
185.7055266703342,-57.676206907481934,HIP60379,7,3265.775,6.071548670839839e+18,,good,True
186.63202062229516,-51.450700512851746,HIP60710,7,3023.18,6.077604196752636e+18,,good,True
187.0096058114364,-50.23071492159829,HIP60823,7,2902.17,6.127435678627742e+18,,good,True
189.2951951858212,-69.13564358687562,HIP61585,7,3598.521,5.855593454594293e+18,0.27824503512798315,good,True
190.7878834484057,-56.17630475907725,HIP62058,7,3265.8,6.073260816590518e+18,,good,True
191.5942659991875,-56.48891080630394,HIP62327,7,3265.791,6.061204980842863e+18,,good,True
191.92974873467313,-59.68887568086024,HIP62434,7,3447.178,,,good,False
193.64807771296475,-57.17800667641195,HIP63003,7,3265.802,6.060547163656965e+18,0.20668825363899718,good,True
193.6533534941721,-57.16873193073843,HIP63005,7,3265.805,6.06054733545566e+18,0.20469661617998225,good,True
194.26782727001853,-51.19885346074661,HIP63210,7,3447.092,6.081364732673285e+18,,good,True
196.56931584605124,-48.4633881679572,HIP63945,7,3265.669,6.085229378603011e+18,,good,True
196.7274072957972,-49.90632250803614,HIP64004,7,3265.708,6.081542475600378e+18,,good,True
200.1572892888835,-52.74792953113522,HIP65112,7,3447.085,6.068270408181444e+18,,good,True
204.3475627873153,-46.42800535591175,HIP66454,7,2902.849,6.084002083108542e+18,,good,True
207.37592314553115,-41.68783990850871,HIP67464,7,2721.419,6.112195451032545e+18,,good,True
207.95641166809523,-32.99426653557702,HIP67669,7,5715.195,6.170485544575679e+18,,good,True
208.01985152966108,-52.81170159775363,HIP67703,7,3447.002,6.065984557860592e+18,,good,True
209.5675825836743,-42.10088443133623,HIP68245,7,2902.875,6.110381256839901e+18,,good,True
209.66953891302103,-44.80373139506067,HIP68282,7,2902.839,6.107651444350934e+18,,good,True
211.51134036792595,-41.17977347366168,HIP68862,7,2721.443,6.110115278109272e+18,,good,True
211.91970004761512,-48.70421070036508,HIP69011,7,2902.777,6.091088744790299e+18,0.31723053421298225,good,True
213.73779657818343,-57.08625579704476,HIP69618,7,7768.692,5.892241070506893e+18,0.21468896627651426,good,True
215.7591313162819,-39.511959690293295,HIP70300,7,2922.992,6.116497702589634e+18,,good,True
216.7076348276641,-39.87412049090196,HIP70626,7,2923.0,6.104499385029861e+18,,good,True
218.87647113446528,-42.15803491867156,HIP71352,7,3023.676,,,good,False
218.88098014594024,-41.51757919453305,HIP71353,7,2922.969,6.103196395033219e+18,,good,True
219.4714980423447,-49.42600853355651,HIP71536,7,2903.039,5.899408305748519e+18,,good,True
220.48211914614603,-47.388347557644735,HIP71860,7,2842.559,5.905821894507108e+18,,good,True
220.48972189594775,-37.79369499526555,HIP71865,7,2872.538,6.105713692544124e+18,,good,True
225.74682808515996,-32.64343397001894,HIP73624,7,4111.467,6.204661767584359e+18,,good,True
227.1631428228322,-42.868059240735874,HIP74100,7,3023.859,6.003713579391234e+18,0.2060026487002545,good,True
228.2064163927412,-44.50055110462338,HIP74449,7,3023.863,6.003314456673154e+18,0.21653479448568855,good,True
230.3428986843331,-40.64764102111273,HIP75141,7,2923.067,6.005678131793147e+18,,good,True
230.7888143519164,-36.85861876977909,HIP75304,7,2872.682,6.00767168380654e+18,,good,True
231.8253873192259,-36.76770917139252,HIP75647,7,2872.668,6.01345439341248e+18,,good,True
232.95915821171948,-32.88125802840177,HIP76048,7,4111.635,6.206717510730404e+18,0.20002017252565107,good,True
234.66387821139125,-29.77790695757104,HIP76600,7,4111.375,6.209215257553893e+18,,good,True
237.52921985662917,-53.21001763553846,HIP77562,7,3810.185,5.885063321137593e+18,,good,True
239.22103643855817,-29.214233549157314,HIP78104,7,4383.059,6.041076668127514e+18,,good,True
239.4185313976028,-20.98321839950727,HIP78168,7,3729.414,6.246704687050868e+18,,good,True
240.03039423734637,-38.396884233829205,HIP78384,7,2781.968,5.998019895874781e+18,,good,True
240.85064511307624,-38.60272595822904,HIP78655,7,2781.96,5.997906921059779e+18,,good,True
241.64795494056267,-36.802474093531295,HIP78918,7,2661.004,5.998676819707873e+18,,good,True
241.70171764751393,-20.66934396742801,HIP78933,7,3729.405,6.244010505608714e+18,,good,True
241.81214573761065,-17.936176348537657,HIP78968,7,3729.415,6.249186662749341e+18,,good,True
242.01811136516332,-36.232008109738416,HIP79044,7,2661.016,5.998762478537678e+18,,good,True
243.0757793478339,-27.92652868163885,HIP79404,7,4383.321,6.042226413691524e+18,,good,True
246.7559431770866,-18.456385123218077,HIP80569,7,3729.44,4.3237647124229366e+18,,good,True
247.8454613594907,-34.70448175972624,HIP80911,7,4836.557,6.023633156682207e+18,,good,True
248.97056600487855,-28.21616473014445,HIP81266,7,4383.432,6.044420729667869e+18,,good,True
249.60945491030012,-43.39855584782429,HIP81472,7,5047.875,5.944376407189912e+18,,good,True
251.17736844716796,-40.83981406567433,HIP81972,7,4816.066,5.96835136134206e+18,,good,True
252.96753337882944,-38.04751698679284,HIP82514,7,4746.256,5.971289565647972e+18,,good,True
253.08384996098852,-38.017684565199175,HIP82545,7,4745.405,5.971244451311983e+18,,good,True
53.53058310956668,24.34419991730932,HIP_16639,6,254.004,6.809702001232435e+16,0.17042841505742248,good,True
53.88219807101051,22.82333985540351,HIP_16753,6,254.003,6.761828577761766e+16,0.19837255796087433,good,True
54.59420643913845,22.499451081958863,HIP_16979,6,254.005,6.467190385261862e+16,0.12902847816016977,good,True
54.73706915689979,24.569557151581364,HIP_17020,6,254.005,6.844487800388224e+16,0.23992041218653304,good,True
54.80628630420291,24.466287076791183,HIP_17044,6,254.001,6.825424587851238e+16,0.22022257174870355,good,True
55.012974749859794,27.740252122563422,HIP_17125,6,254.001,7.137126256100723e+16,0.2478236256798879,good,True
55.40077356505841,25.61905295405064,HIP_17245,6,254.002,7.010847345681728e+16,0.28650871790238197,good,True
55.60012868737936,21.473233512504603,HIP_17316,6,254.003,6.431799854764134e+16,0.22950837570730634,good,True
55.60021258799999,22.42090050264444,HIP_17317,6,254.003,6.444972948799091e+16,0.15621850464588127,good,True
58.00344321807036,19.596608772973863,HIP_18091,6,254.004,5.090505620117952e+16,0.24932481789345948,good,True
59.507180596944394,20.6765249521976,HIP_18544,6,254.002,5.14527504311296e+16,0.21872086733236348,good,True
60.93417230803583,22.944021286575456,HIP_18955,6,254.004,5.378385252207386e+16,0.2693665433712849,good,True
84.04301262847838,-28.708025005420872,HIP_26309,6,2207.52,2.9073977478970706e+18,,good,True
84.41522177956512,-28.62631148593612,HIP_26453,6,2207.52,2.9073081720591007e+18,,good,True
85.84037299658495,-18.55752829751107,HIP_26966,6,2147.04,2.967287596507433e+18,,good,True
113.94750061278376,-32.203609404971786,HIP_36948,6,3775.066,5.592237639209047e+18,,good,True
1.469440138553176,-41.753362249066235,HIP_490,6,2237.76,4.99585301464619e+18,,good,True
173.94446971533924,-63.01991774578703,HIP_56561,6,362.88,5.333974693006467e+18,,good,True
176.43596710431382,-52.690657594633834,HIP_57375,6,332.64,5.368668373660159e+18,,good,True
178.93073907038186,-54.18079695612479,HIP_58167,6,332.64,5.344333501282921e+18,,good,True
179.84807874438872,-57.168095234635125,HIP_58465,6,332.64,5.343524947923387e+18,49.739163094296195,bad,True
180.46043263646996,-73.29860531187184,HIP_58674,6,423.36,5.842370177975638e+18,,good,True
181.06898910086696,-51.47262831684334,HIP_58859,6,332.64,6.126340152734133e+18,,good,True
182.67455272886016,-56.44244849649517,HIP_59360,6,332.64,6.072502531530962e+18,,good,True
182.8111250933849,-52.21766454522441,HIP_59413,6,332.64,6.125358151409872e+18,,good,True
183.04176288058423,-63.45422782390693,HIP_59502,6,362.88,,,good,False
184.7732379359976,-33.745479957612915,HIP_60072,6,302.4,3.468184721426904e+18,,good,True
184.8187193327976,-47.83014401920909,HIP_60084,6,332.64,6.130406279862057e+18,0.7387287092475863,good,True
185.11641712878853,-65.84278939906088,HIP_60183,6,381.024,,,good,False
185.9248442898071,-63.87019808035157,HIP_60459,6,362.88,6.053693083047385e+18,31.162384939354148,bad,True
186.2147815335562,-72.6040150871689,HIP_60561,6,423.36,,,good,False
187.0792666268442,-64.34111685014332,HIP_60851,6,362.88,6.053440057962586e+18,,good,True
187.5721727384804,-72.98536206714121,HIP_61017,6,423.36,,,good,False
188.3001927352223,-52.08298542960071,HIP_61257,6,332.64,6.078777306935808e+18,,good,True
189.52947126494357,-55.9313796951096,HIP_61639_A,6,362.822,6.07343062241684e+18,,good,True
190.6125166107024,-61.01864759340267,HIP_62002,6,362.88,6.056324729772558e+18,,good,True
191.00745821262095,-53.50584588714327,HIP_62134,6,332.64,6.075075594872297e+18,,good,True
191.0797389752826,-61.52558719181241,HIP_62154_B,6,362.88,6.055497587763328e+18,,good,True
191.14502305968455,-57.2871004721771,HIP_62179,6,362.826,6.060946629972803e+18,,good,True
191.79784937185696,-61.22362407195845,HIP_62391,6,362.88,6.055601938300689e+18,,good,True
191.91260035818695,-58.29773788147397,HIP_62428,6,362.826,6.060057503020289e+18,,good,True
192.0690873064273,-67.1312872411133,HIP_62482,6,635.04,5.858152189941308e+18,,good,True
192.58193539270823,-49.86366344001917,HIP_62657,6,544.32,6.079490168425944e+18,,good,True
194.99933767045863,-50.389627980336186,HIP_63439,6,544.32,6.084425360726816e+18,,good,True
196.3855734953914,-58.53560759065428,HIP_63886,6,635.04,6.057045425291353e+18,,good,True
197.74281142377535,-52.56710451734299,HIP_64320,6,362.822,6.080068545902295e+18,0.9922612014337903,good,True
198.66596891662343,-46.8577308779112,HIP_64617,6,332.64,6.085470137290435e+18,,good,True
199.52078092778876,-44.055612199184786,HIP_64892,6,332.64,6.088264477373916e+18,,good,True
199.60323818522588,-45.76487208647587,HIP_64925,6,332.64,6.087790141185325e+18,,good,True
200.35748704727317,-43.634522292777994,HIP_65178,6,332.64,6.088297737601081e+18,,good,True
200.4874976881987,-51.282447306941336,HIP_65219,6,362.83,6.080612151322801e+18,,good,True
201.0354566691719,-53.79327129769264,HIP_65394,6,362.835,6.067363547301706e+18,,good,True
201.1497812329388,-51.504673904063054,HIP_65426,6,362.823,6.070080754075554e+18,0.98425186020484,good,True
204.94003207914085,-54.14834177515377,HIP_66651,6,362.835,6.065465416585525e+18,,good,True
205.15644384560784,-44.330457038333286,HIP_66722,6,332.64,6.108518340549367e+18,,good,True
206.06615915323488,-51.01266928029477,HIP_67036,6,332.64,6.069592570910476e+18,0.86150232096915,good,True
206.79346736125305,-52.269455565394,HIP_67260,6,332.64,6.066280292134951e+18,,good,True
208.8000519805534,-52.16106656447774,HIP_67973,6,332.64,6.090072894822497e+18,0.9052195244829436,good,True
209.08264388378,-54.13266206471071,HIP_68080_A,6,332.64,6.064911571962617e+18,,good,True
210.4399370360211,-39.43889738748556,HIP_68532,6,302.4,,,good,False
211.53394789054803,-44.68930515637821,HIP_68867,6,332.64,6.097178316916151e+18,,good,True
212.21587207463432,-43.47097875990548,HIP_69113,6,332.64,6.097682722176453e+18,,good,True
212.7699135065652,-49.27339478674966,HIP_69302,6,332.64,6.090816856182034e+18,,good,True
213.3494457579002,-33.51853153123289,HIP_69475,6,302.4,6.123156718663844e+18,,good,True
213.68926824550755,-38.38140880131489,HIP_69605,6,302.4,6.117585222671395e+18,,good,True
216.49347317818123,-44.82333482398775,HIP_70558,6,453.529,6.099380711729025e+18,,good,True
216.87631184811505,-52.52538043290157,HIP_70689,6,332.64,5.897858715909882e+18,,good,True
216.8896020149681,-46.21375674255531,HIP_70697,6,453.518,6.093018284617038e+18,,good,True
217.2158416673948,-47.99232340118639,HIP_70809,6,453.511,6.091918635553456e+18,,good,True
217.4927244450192,-56.13146226703689,HIP_70904,6,332.64,5.892612705441276e+18,0.7257972874836699,good,True
217.54111481259704,-43.86414523644052,HIP_70918,6,453.503,6.099546222588603e+18,0.9067972057711394,good,True
217.80960502886705,-40.65618091338374,HIP_70998,6,393.05,6.103487696893846e+18,,good,True
217.88876747939267,-44.750751719160085,HIP_71023,6,453.52,6.09924416612745e+18,,good,True
218.2374372350181,-42.405692182179415,HIP_71140,6,423.285,6.103008619062376e+18,,good,True
218.77189265348784,-43.55480395698783,HIP_71321,6,423.276,6.099886349638035e+18,0.8455709209285082,good,True
220.02057382119312,-40.90090994364703,HIP_71708,6,362.816,6.104771514158903e+18,,good,True
220.07993555119273,-45.79409369196282,HIP_71727,6,423.282,6.098521615193344e+18,,good,True
221.12890952383756,-39.98914413312619,HIP_72070,6,635.04,6.102199477284608e+18,,good,True
222.6270803393236,-35.09358220254795,HIP_72584,6,362.853,6.203184676791372e+18,,good,True
222.7442974480201,-42.82278435757471,HIP_72627,6,423.283,6.100404013458687e+18,,good,True
223.6050309345577,-34.1431386002041,HIP_72940_A,6,362.835,,,good,False
223.7266606606069,-36.43067196342231,HIP_72984,6,362.844,6.202077468582644e+18,,good,True
224.22683997269553,-35.6955573655248,HIP_73145,6,635.04,6.202242567124829e+18,,good,True
224.97728263907072,-46.2481837052248,HIP_73393,6,332.64,5.906901649285723e+18,,good,True
225.491636876399,-34.359154016339524,HIP_73559,6,362.843,6.203928736924721e+18,0.9091890625055525,good,True
226.57445002030695,-35.40643114915903,HIP_73913,6,362.851,6.200763071150236e+18,,good,True
226.8118768684708,-29.504814099009177,HIP_73990,6,362.839,6.212050520082538e+18,,good,True
227.05008386142237,-40.58429238349555,HIP_74066,6,483.724,,,good,False
227.17679003687684,-44.48479966305344,HIP_74104,6,332.64,5.90730805196577e+18,32.94205087821996,bad,True
228.2541910737391,-37.24694843611664,HIP_74468_A,6,483.757,6.199429191749977e+18,,good,True
228.36638407270615,-33.147386766236956,HIP_74499,6,635.04,6.207388934376629e+18,,good,True
228.44195944442785,-23.541098160963617,HIP_74529,6,574.538,6.228086897177603e+18,0.6531377784287437,good,True
228.83152864690285,-44.149742296083915,HIP_74657,6,332.64,6.000437721938769e+18,,good,True
229.15444248649976,-42.37046845038597,HIP_74752,6,483.744,6.003973132857329e+18,,good,True
229.29432189144305,-34.57733360095267,HIP_74797,6,483.756,6.20031051473863e+18,,good,True
229.7724622700628,-36.36237934070284,HIP_74959,6,635.04,6.199818655082933e+18,,good,True
229.8428187964182,-34.03269588338645,HIP_74985,6,483.767,6.206353400582523e+18,,good,True
230.05548870560884,-34.925732732213554,HIP_75056,6,483.746,6.206053714943873e+18,,good,True
230.1305849716287,-28.287432733914475,HIP_75077,6,302.4,6.213115122214517e+18,,good,True
230.3751000622217,-38.21895288690405,HIP_75151,6,483.756,6.007264520906862e+18,,good,True
231.3165887801079,-38.1581584735262,HIP_75491,6,483.757,6.006528432234422e+18,0.765750485112462,good,True
231.37536954894185,-36.199723879563855,HIP_75509,6,483.743,6.013716695655007e+18,,good,True
232.38726104883452,-57.24799126892736,HIP_75843,6,362.88,5.883029190270022e+18,,good,True
233.0249218060202,-69.17361215134632,HIP_76067,6,393.12,5.820170866424334e+18,,good,True
233.0428825642959,-21.967052768153977,HIP_76071,6,574.539,6.251762646696466e+18,,good,True
233.08364158961305,-31.143009570072245,HIP_76084,6,302.4,6.208562250724338e+18,,good,True
233.58647233368993,-39.349624659031115,HIP_76234,6,483.715,,,good,False
233.81702078231984,-25.734267493593777,HIP_76310,6,846.716,6.23772975158646e+18,,good,True
234.63569989503245,-39.16096993978921,HIP_76591,6,483.756,6.009052258106702e+18,,good,True
234.75006006785512,-19.732764933343596,HIP_76633,6,514.062,6.253938511486847e+18,,good,True
236.09419699362928,-41.81941429428824,HIP_77086_A,6,483.748,6.001797749105673e+18,,good,True
236.25003635667187,-59.12423807892405,HIP_77140,6,362.88,5.834207266301544e+18,,good,True
236.27627943136497,-35.102229996019425,HIP_77150,6,302.4,6.014590429436561e+18,,good,True
236.71494838449385,-36.9371149287469,HIP_77295,6,302.4,6.009732271682212e+18,,good,True
236.7682839781811,-35.51062517302997,HIP_77315,6,302.4,6.011560755211556e+18,,good,True
236.7754298291044,-35.51832310401847,HIP_77317,6,302.4,6.011549008483609e+18,,good,True
236.8469415437416,-25.86802026899776,HIP_77347,6,302.4,6.234897925031131e+18,,good,True
237.01348716117352,-25.21590593290904,HIP_77399,6,302.4,6.236641647392717e+18,,good,True
237.49895476815024,-25.15125219588352,HIP_77545,6,302.4,6.236447239996343e+18,,good,True
238.17868012338823,-27.090905124844458,HIP_77766,6,302.4,6.233808785747678e+18,,good,True
238.34121486200252,-21.97157514206954,HIP_77815,6,272.121,6.240546906538196e+18,,good,True
238.6732567157593,-22.766340311111787,HIP_77911,6,846.717,6.237422850406494e+18,,good,True
238.82303193122303,-23.368029165254985,HIP_77960,6,272.112,6.237252529178697e+18,,good,True
239.02335957887533,-36.89296095891563,HIP_78043,6,635.04,6.010483822238426e+18,,good,True
239.19923776777372,-23.184351617246943,HIP_78099,6,272.121,6.2373474994994e+18,,good,True
239.36845446374417,-50.270022878482926,HIP_78150_A,6,332.64,5.982616493898391e+18,,good,True
239.49707726603003,-31.729224112442004,HIP_78196,6,302.4,6.039491481598054e+18,,good,True
239.70870077731195,-32.05262679574976,HIP_78263,6,302.4,6.039375105164274e+18,,good,True
240.48091128642457,-21.980663606739608,HIP_78530,6,272.122,6.243537406369454e+18,,good,True
240.55632477200083,-22.687829725257107,HIP_78549,6,272.122,6.243172677747746e+18,,good,True
240.57695921615473,-35.2702680755888,HIP_78555,6,302.4,6.011053953378953e+18,,good,True
241.00086902643636,-19.76772593249595,HIP_78702,6,272.126,6.24722059851563e+18,0.6006039866550806,good,True
241.18512578379455,-39.43496108474168,HIP_78756_A,6,302.4,5.997809579916197e+18,,good,True
241.32965282208252,-23.669396308697923,HIP_78809,6,272.122,6.242281386125097e+18,0.662745537429207,good,True
241.44256909844208,-39.84364802706994,HIP_78853,6,302.4,5.996941824729995e+18,,good,True
241.7413064412236,-27.71965541181774,HIP_78943_A,6,483.708,6.042124910722288e+18,,good,True
241.7693479056038,-16.94349611922991,HIP_78956,6,272.128,6.250058644192755e+18,,good,True
241.8121014647686,-17.93628341702834,HIP_78968,6,272.127,6.249186662749341e+18,,good,True
241.8745591203028,-23.95096303236254,HIP_78996,6,272.122,6.242094640953592e+18,0.6759208326964424,good,True
242.2607456568445,-18.995843610882748,HIP_79124,6,272.124,6.248783275121193e+18,,good,True
242.3369375093355,-19.45747768036269,HIP_79156,6,272.125,6.245732753128416e+18,,good,True
242.6054150335657,-23.106849154181067,HIP_79250,6,272.109,6.242242216028893e+18,,good,True
242.72955948201164,-25.52278642178355,HIP_79288,6,846.717,6.043530778077991e+18,,good,True
242.96928974434695,-22.54531398096367,HIP_79366,6,272.122,6.242650611580735e+18,,good,True
242.98120629253444,-21.105271925302787,HIP_79369,6,272.124,6.243102137199553e+18,,good,True
243.02452664104212,-23.24598901896833,HIP_79383,6,272.122,6.242180368499939e+18,,good,True
243.09085876914796,-19.57932221523512,HIP_79410,6,272.123,6.245692620954229e+18,,good,True
243.18366895809604,-19.503156612791827,HIP_79439,6,272.123,6.245694751258011e+18,,good,True
243.39294245344655,-45.81779702137611,HIP_79516,6,635.04,5.990267273750368e+18,,good,True
243.43945507437397,-24.422313183142155,HIP_79530,6,483.736,6.049891517263095e+18,,good,True
243.72248984777616,-25.47721087273309,HIP_79622,6,483.727,6.04949799947927e+18,,good,True
244.1181238517845,-38.736884876909585,HIP_79742,6,635.04,5.997300987069075e+18,,good,True
244.21078707504637,-25.86324080851411,HIP_79771_A,6,483.714,6.048675908377862e+18,,good,True
244.22231581241363,-23.11074713681596,HIP_79779,6,483.72,6.050372626620551e+18,,good,True
244.24467073710753,-21.304425683035035,HIP_79785,6,272.117,6.244336167204228e+18,,good,True
244.56718663396177,-28.041996399188477,HIP_79878,6,483.707,6.039266287870022e+18,,good,True
244.61759378349757,-23.27460101160098,HIP_79897,6,483.702,6.0503526636154e+18,,good,True
244.87179741589745,-21.403791665845993,HIP_79977,6,846.717,6.244295760151547e+18,,good,True
245.02274475021068,-20.056681546706116,HIP_80024,6,272.121,6.24472505072103e+18,,good,True
245.11705058449695,-21.509318910981033,HIP_80059,6,272.119,6.244280229549582e+18,,good,True
245.20926724722847,-22.59419302011549,HIP_80088,6,846.717,6.050496459111585e+18,,good,True
245.6529744695019,-24.38327890141391,HIP_80224,6,483.707,6.04924686414837e+18,,good,True
245.94642144649455,-26.27129063292245,HIP_80311,6,483.729,6.045505569684852e+18,,good,True
246.24633430329192,-25.355285659232116,HIP_80425,6,483.71,6.048951366100474e+18,,good,True
249.11929041172272,-40.303271061778666,HIP_81316,6,392.999,5.969328827161775e+18,0.6063319303862306,good,True
249.628737310784,-39.15257189442737,HIP_81477,6,392.997,6.017520318720282e+18,,good,True
250.46650020198717,-40.4664785724965,HIP_81751,6,392.997,5.969081333984324e+18,0.6153014293907617,good,True
251.45169463859835,-26.64977939895189,HIP_82069,6,302.4,6.034203689675849e+18,,good,True
252.68948658318664,-38.256678241754344,HIP_82430,6,392.992,5.97090634713321e+18,,good,True
253.10372345286328,-37.60770862832617,HIP_82551,6,392.994,5.97132423461826e+18,,good,True
253.1327132725387,-42.99207491957616,HIP_82560,6,411.125,5.964856323071807e+18,,good,True
253.6868253773103,-36.888607988281784,HIP_82747,6,635.04,5.971474902099065e+18,,good,True
256.0033137049759,-25.698261509442137,HIP_83508,6,302.4,4.1122159608600305e+18,,good,True
256.5840148949241,-37.22787541473048,HIP_83693,6,392.99,5.976498948652232e+18,,good,True
259.4146306916069,-26.62929231884456,HIP_84605_A,6,302.4,4.109018477995908e+18,,good,True
260.21082564913075,-45.420988516329984,HIP_84881,6,635.04,5.952702871347478e+18,,good,True
261.37344909520255,-29.670929714718977,HIP_85278,6,302.4,4.0594518410003005e+18,0.5655012439227042,good,True
261.73026319891727,-25.94378752697654,HIP_85391,6,302.4,4.1097684823389215e+18,,good,True
262.93485443294446,-26.269980707786527,HIP_85783,6,302.4,4.0616692810251397e+18,,good,True
263.10248326271386,-34.27978777500795,HIP_85839,6,302.4,4.053610715449004e+18,0.873183407976691,good,True
263.9292657161715,-37.44026009885202,HIP_86098,6,302.4,5.962524018444665e+18,,good,True
266.1887003142362,-39.848759254719184,HIP_86853,6,302.4,5.958109681059207e+18,48.41634128418602,bad,True
266.7802245891834,-38.112491914188354,HIP_87042,6,302.4,4.0398044958986926e+18,,good,True
269.0051723492074,-33.62840402009103,HIP_87791,6,302.4,4.043145976097452e+18,,good,True
269.42040473018346,-39.10206263514151,HIP_87924,6,302.4,4.036505651808325e+18,0.5915487855341314,good,True
270.7642401623534,-51.649350976447145,HIP_88399,6,2147.04,6.702775135228914e+18,63.30280878446052,bad,True
281.36237892978755,-64.8718257671484,HIP_92024,6,4550.43,6.438274350302428e+18,,good,True
290.71353093534265,-54.424253001621295,HIP_95261,6,3382.707,6.643602576214115e+18,,good,True
290.7457587896232,-54.53837034724608,HIP_95270,6,2147.04,6.643589352010758e+18,,good,True
302.27190107775374,-26.22430469075229,HIP_99273,6,1360.8,6.84714678438446e+18,,good,True
189.00393751908928,-39.869629007166715,HR4796,9,3507.831,6.147117727029872e+18,,good,True
49.57036092993213,-62.50247888545035,HR_1010,7,14313.481,,,good,False
189.0039145304922,-39.86963544463171,HR_4796,6,786.24,6.147117727029872e+18,,good,True
346.8701293605893,21.13404421963346,HR_8799,6,12093.117,2.8324636596402975e+18,0.12872661854917672,good,True
129.2832500000173,-39.41816667000125,Hen_2-11,6,2449.44,,,good,False
53.074712499975206,30.82992222222461,IRAS_03292+3039,6,2116.8,,,good,False
36.73745088094933,-53.45109295257812,J02265658-5327032,7,907.2,,,good,False
71.64233953120552,-26.465814122053764,J0446AB,7,1572.48,4.881308710764496e+18,,good,True
72.09466696773775,29.772828077937103,J04482274+2946227,7,393.12,1.5840183414709568e+17,0.45991680672968704,good,True
73.90387485939952,30.298550300162955,J04553695+3017553,7,393.12,1.569006228182053e+17,0.5886563760967642,good,True
74.00829148145392,30.350883633491247,J04560201+3021037,7,393.12,1.569025126037774e+17,0.5683743130958111,good,True
77.03392082541752,24.45402252230613,J05080816+2427150,7,332.64,3.4191151280917985e+18,,good,True
108.02716387810162,-47.878448134741014,J071206,7,2298.24,5.508896788120943e+18,,good,True
147.25239724832667,-71.63399784104902,J0949AB,7,3567.961,5.218453026345066e+18,,good,True
336.9296939728347,16.732220402692413,J222743,7,3326.396,,,good,False
355.10263917187893,44.33384966568218,Kappa_and,6,393.12,1.9264760426814917e+18,0.0684175485467525,good,True
72.00374709239522,14.66576103955548,LDS_5606_A,7,1481.76,3.3087005598178324e+18,,good,True
72.01090638011046,14.664020665129364,LDS_5606_B,7,4224.286,3.308700559817832e+18,,good,True
11.248973772003824,-15.274728545341633,LHS_1140,6,12984.876,,,good,False
35.861553238148886,22.734622959787373,LP_353-51,7,1511.999,1.0161298198914675e+17,0.3581116104332459,good,True
75.49510924941777,9.982582653972258,LP_476-207,7,1028.16,3.2916431487403843e+18,,good,True
213.57020180376796,-15.35448499105618,L_836-122,7,876.96,6.298167942962279e+18,,good,True
153.57911847381592,21.074082663253545,MCC_124,7,1300.32,6.28827128175695e+17,0.5374866506907813,good,True
200.5307271240111,-69.63685196105556,MP_Mus,7,362.88,5.844296281847839e+18,,good,True
234.51092493417687,-38.123226511921594,MTLup,7,1982.979,6.009423961749025e+18,,good,True
310.46488563069255,-32.43758817769116,NAME_AT_Mic_AB,7,876.96,6.792436799477051e+18,,good,True
238.23378230939565,12.912146758144893,NN_Ser,4,8074.076,1.1915044714361925e+18,0.38578690454650044,good,True
283.2746003206432,-50.18091220652739,PZ_tel,6,453.6,6.655168686921108e+18,,good,True
217.38943084392469,-62.675964260824344,Proxima_Centauri,6,5624.011,,,good,False
235.17140718953684,-37.93862741935923,RXJ1540.7-3756,7,1982.675,6.009405682367794e+18,,good,True
235.7759146420972,-39.33885323596136,RXJ1543.1-3920,7,1982.904,6.00831967412013e+18,,good,True
34.48363680200914,12.423782803532983,RX_J0217.9+1225,7,1058.4,7.303499115555546e+16,0.14086431442843872,good,True
17.42540554649905,27.950456119551284,RZ_Psc,6,4318.264,3.079811784011652e+17,0.1720818136999327,good,True
208.84964512769653,8.945932780924569,SDSS_J135523.92+085645.4,6,2661.12,3.7219432090238275e+18,0.12797522084572355,good,True
212.89458749998127,10.477716670001064,SDSS_J141134.70+102839.7,6,2721.6,1.2252800598890373e+18,,good,True
219.9484583300016,-1.101911856558432,SDSS_J143947.62-010606.7,6,2540.16,3.6498320438581975e+18,,good,True
235.1592517138224,-34.36030586571644,SSTc2dJ154038.3-342137,7,2030.736,6.014916086743892e+18,,good,True
236.67157324676157,-36.31330703189302,SSTc2dJ154641.2-361848,7,1982.823,6.009975332460964e+18,0.09279994647912185,good,True
237.49660682887475,-36.499431068163695,SSTc2dJ154959.2-362958,7,1982.769,6.011259699490842e+18,,good,True
238.08121230013924,-38.32554063404305,SSTc2dJ155219.5-381932,7,1982.64,6.008633614741444e+18,,good,True
238.8591355820652,-33.63996108065855,SSTc2dJ155526.2-333823,7,1982.701,6.012244273489827e+18,,good,True
238.89069895481177,-37.16154668584218,SSTc2dJ155533.8-370941,7,1958.556,6.010385759547597e+18,,good,True
240.49647416394,-36.215591981360895,SSTc2dJ160159.2-361256,7,1982.732,6.010725989678592e+18,,good,True
240.799118121653,-32.65578844875732,SSTc2dJ160311.8-323920,7,1982.803,6.036188926632561e+18,,good,True
240.96863481929023,-39.65049071987836,SSTc2dJ160352.5-393902,7,1982.778,5.997706878653873e+18,,good,True
241.12721905305293,-32.12480118500987,SSTc2dJ160430.6-320729,7,1982.727,6.036418346602207e+18,,good,True
241.80700364787648,-38.65675240254175,SSTc2dJ160713.7-383924,7,1982.941,5.997857408673511e+18,0.07428169241191107,good,True
241.80824002416747,-38.877262522806305,SSTc2dJ160714.0-385238,7,2030.969,5.997102284704236e+18,,good,True
241.95658757617176,-39.07484198893538,SSTc2dJ160749.6-390429,7,2030.895,5.997084383280601e+18,0.11621573823652176,good,True
241.995326246482,-39.40978407769843,SSTc2dJ160758.9-392435,7,2031.266,5.997024116297605e+18,5.273397668843023,bad,True
242.0667602023156,-39.051327559698365,SSTc2dJ160816.0-390304,7,2031.255,5.997083146330022e+18,,good,True
242.14395517355536,-39.09296158231825,SSTc2dJ160834.6-390534,7,2031.358,5.997082115537646e+18,,good,True
242.1740990165095,-39.02707535286858,SSTc2dJ160841.8-390137,7,2031.261,5.997082734012938e+18,,good,True
242.1780111887183,-39.10522628692574,SSTc2dJ160842.7-390618,7,2006.988,5.99708221430385e+18,,good,True
242.20059827564515,-39.07212657793912,SSTc2dJ160848.2-390419,7,2007.101,5.997082356055814e+18,,good,True
242.28537716893703,-39.06209466441648,SSTc2dJ160908.5-390343,7,2031.26,5.997410628989155e+18,,good,True
242.32130760094495,-39.452808502319826,SSTc2dJ160917.1-392710,7,1982.71,5.997014392491914e+18,0.10260732975198562,good,True
242.42725712660743,-39.32822611126498,SSTc2dJ160942.6-391941,7,1982.783,5.997016724637917e+18,,good,True
242.48776601537233,-38.99679947995617,SSTc2dJ160957.1-385948,7,1982.781,5.997409185883544e+18,,good,True
242.55076433613416,-39.355121917008695,SSTc2dJ161012.2-392118,7,1982.901,5.997388638756469e+18,0.07981856698455533,good,True
242.5683263712465,-39.13488299351019,SSTc2dJ161016.4-390805,7,1982.717,5.997395648143156e+18,0.1027386269697791,good,True
242.97218111393292,-39.03786397806339,SSTc2dJ161153.4-390216,7,1958.529,5.997235016369885e+18,,good,True
243.2599853681892,-40.07594447482637,SSTc2dJ161302.4-400433,7,1982.854,5.997107885335263e+18,6.2990069467151155,bad,True
277.45754166668837,1.2556277777778335,Serpens-FIRS1,3,2419.2,,,good,False
101.28428712903748,-16.72240898978856,Sirius,5,302.4,,,good,False
101.28429404674009,-16.72225363820027,Sirius_A,3,302.4,,,good,False
281.719121799408,-62.17725026017093,Smethells_20,7,1118.88,6.631685008336771e+18,0.2094846547140567,good,True
76.73129061264075,10.997693509076695,TIC_284730577,7,1360.8,3.291818722708659e+18,0.3791080594487738,good,True
203.60207657808576,-65.29658855457758,TIC_316430346,7,1542.24,5.863807042641766e+18,0.2214205498122082,good,True
238.714161835285,-31.913035661402933,TIC_442813719,7,1149.12,6.039427503765944e+18,,good,True
169.46576301568157,-64.03488886784865,TIC_467773418,7,1512.0,5.240643988513311e+18,,good,True
160.6267208332773,-33.671305555575245,TWA_7,7,4777.92,,,good,False
299.0184022914404,-32.12745988015745,TYC7443-1102-1,6,2237.76,6.747467224874108e+18,,good,True
340.7057904091882,-71.7062263481733,TYC9340-437-1,7,10674.668,6.382640367603744e+18,,good,True
56.256989937277126,19.55911089284669,TYC_1256-516-1,6,254.006,6.305204834738317e+16,0.2581736966670277,good,True
54.395551921519235,24.236326640932216,TYC_1798-465-1,6,254.007,6.840948747309069e+16,0.2645081577910857,good,True
53.69679330400364,26.094530195454332,TYC_1802-95-1,6,254.003,6.948525222516237e+16,0.33648566815299913,good,True
330.1737077692639,27.253687625645213,TYC_2211-1309-1,7,1391.04,1.8929687350594534e+18,0.18184660147928125,good,True
284.5173965151223,-29.884865600384902,TYC_6872-1011-1,7,876.96,6.760846563417053e+18,,good,True
228.25264723471344,-37.2480399801015,TYC_7324-1668-1,6,1451.479,6.199429191749977e+18,,good,True
299.01841573794434,-32.127469853430064,TYC_7443-1102-1,7,876.96,6.747467224874108e+18,,good,True
92.7648316733898,-47.19142502930518,TYC_8105-370-1,7,2298.24,5.554553591848669e+18,,good,True
345.30301599927174,-58.97280599014207,TYC_8830-410-1,7,2661.12,6.4916065741213e+18,,good,True
26.00862561196497,-15.933522128537025,Tau_Ceti,6,20624.364,,,good,False
284.51949645751915,-29.892484405240165,UCAC2_19527490,7,876.96,6.760846456020753e+18,,good,True
93.30526164355908,-27.701519743760382,UCAC2_20312880,7,1753.111,2.8994926372512005e+18,0.5329768070538429,good,True
299.0125068456925,-32.122171227259955,UCAC3_116-474938,7,876.96,6.747467431032539e+18,,good,True
302.5003772741396,-28.02865284484084,UCAC3_124-580676,7,876.96,6.846651450099142e+18,,good,True
83.49932629493108,-2.359312112055246,UCAC3_176-23654,7,725.76,3.216922640621225e+18,,good,True
198.41271683959383,-19.634775006068445,UCAC4_352-065533,7,4171.399,3.5073130073643566e+18,0.8146728147584997,good,True
246.9576707769531,-24.42812475500304,VSSG14,6,483.708,6.049152615384354e+18,,good,True
341.25138321316706,-33.25776255206092,V_star_TX_PsA,7,876.96,6.60369380881783e+18,,good,True
341.2426515633541,-33.25108097221335,V_star_WW_PsA,7,876.96,6.603693881832178e+18,,good,True
279.2358881463819,38.78502828180798,Vega,6,23833.32,,,good,False
13.322407339577946,-32.99888423168187,WD0050-332,6,574.56,5.006486048001154e+18,,good,True
37.11288273785794,-32.71059965065495,WD0226-329,6,574.56,5.063539946887524e+18,,good,True
57.20957386276246,-0.976542532886804,WD0346-011,6,604.8,3.2512448581544335e+18,0.7305462323517491,good,True
70.25776377161829,10.99438378413034,WD0438+108,6,665.28,3.294248609046258e+18,,good,True
93.82748012054482,17.725920300923963,WD0612+177,6,756.0,,,good,False
95.80304323509642,-37.69114066961012,WD0621-376,6,574.56,5.575007845317435e+18,,good,True
245.8915553616556,-39.22948216643876,WD1620-391,6,574.56,6.018034958869559e+18,,good,True
281.9859894898388,-22.3273638620756,WD1844-223,6,574.56,4.0788686622061757e+18,0.3363455063151429,good,True
302.2745140210117,-60.42886259778608,WD2004-605,6,665.28,6.443328221136802e+18,16.668531688683007,bad,True
310.64690201121635,-20.07718331873106,WD2039-202,6,574.56,,,good,False
333.54974715920537,-49.3245963496582,WD2211-495,6,604.8,6.560067493827212e+18,,good,True
337.4107551325602,-20.83714643699752,WD2226-210,6,4898.879,6.628874205642084e+18,,good,True
339.01282168490485,0.1229708990534516,WD2233-001,6,604.8,2.6541707367298867e+18,,good,True
348.09084733145164,10.784406905634018,WD2309+105,6,665.28,2.810585920868186e+18,,good,True
86.82121564020545,-51.06606990881603,beta_pic,6,4656.696,4.792774797545801e+18,,good,True
86.82122705855912,-51.066192909944206,beta_pictoris,6,3053.739,4.792774797545801e+18,,good,True
53.22716106474937,-9.458194767423567,eps_eri,6,2981.933,,,good,False
53.22855568120675,-9.45317720597913,epsilon_Eridani,6,15420.103,,,good,False
188.0159173624204,-16.196101793378563,eta_Corvi,7,6799.876,,,good,False
181.7207908210999,-64.61392160575959,eta_Cru,6,3624.392,6.053245135154609e+18,,good,True
198.7906023880626,-67.88054158908649,eta_Mus_C,6,393.12,5.845487911944804e+18,,good,True
188.0145293974936,-16.196406769577184,eta_crv,8,6076.922,,,good,False
344.4150690207793,-29.62329472936207,fomalhaut,7,23925.658,,,good,False
190.41190906449293,-1.449047586224928,gamma_Vir,6,4106.892,,,good,False
86.11418770261156,-22.450303245991496,gamma_lep,7,1088.64,,,good,False
190.41193288305757,-1.449052566595742,gamma_vir,7,3452.147,,,good,False
184.7762470018576,16.54758991027072,hd107146,7,2963.52,3.946438125929224e+18,,good,True
189.94223794368153,-49.198839847840766,hd110058,6,8164.702,6.127782196588876e+18,,good,True
208.82840492553723,-53.528654696399805,hd121191,6,604.8,6.065138792911303e+18,,good,True
223.78330400668173,-41.12052799969034,hd131488,8,967.68,6.101164531905527e+18,,good,True
233.81698475095948,-25.734310070016,hd138813,8,1451.52,6.23772975158646e+18,,good,True
237.4905360925772,-3.9212897899524535,hd141569,3,5564.143,4.399438153527026e+18,0.015073216872279211,good,True
243.7405492476231,-39.62800622153384,hd145880,8,1270.08,5.997144169219985e+18,,good,True
75.61435416381434,7.460872151964239,hd32297,7,3870.688,3.2899026905545743e+18,,good,True
160.8666514806937,-29.064522167665075,hd92945,7,14570.49,5.455707157211785e+18,,good,True
164.26197217050156,-68.6672764178524,hd95086,8,4535.995,5.231963962676293e+18,,good,True
189.94223467308169,-49.19884648495755,hd_110058,8,876.96,6.127782196588876e+18,,good,True
290.74578390410323,-54.53842733578441,hd_181327,7,2661.117,6.643589352010758e+18,,good,True
52.97385940110668,-25.61423585758638,hd_21997,8,997.92,5.084963312478489e+18,,good,True
104.99673354317837,-61.33477123006019,hd_53143,6,23684.168,5.47922224059647e+18,,good,True
164.26210377977227,-68.66729534297889,hd_95086,6,16327.387,5.231963962676293e+18,,good,True
189.00395192695063,-39.86962045607937,hr_4796a,7,3084.479,6.147117727029872e+18,,good,True
346.87020146184847,21.134014720581177,hr_8799,7,77762.964,2.8324636596402975e+18,0.13570893370033849,good,True
194.00595078688536,-12.95886530905954,j1256-1257,7,4354.536,,,good,False
342.02050592284803,-24.369779615787184,lp_876-10,7,6070.765,6.623351805412369e+18,,good,True
238.23387916998257,12.912411110000596,nn_ser,7,1391.04,,,good,False
25.623462649674423,-53.74131839880477,q1_Eri,7,5806.02,4.912580642524185e+18,,good,True
346.62710929629566,-5.043869234102322,trappist-1,7,16348.437,,,good,False
12.296542803622147,5.377088616216993,vMa2,6,2903.04,,,good,False
