s_ra,s_dec,target_name,band_list,t_exptime,gaia_source_id,sep_arcsec,has_gaia,gaia_match_quality,gaia_source_id_str
77.1141666666801,-21.025000000000254,1RXS_J050827.3-210130,7,846.72,,,False,good,
262.3361600822039,-50.24833480897934,1RXS_J172919.1-501454,7,967.68,5949369736173100544,0.3169264678386139,True,good,5949369736173100544
211.94950076519436,-39.762022904965654,1swasp_j140747.93-394542.6,7,9215.937,6117085769513415168,0.2696239797517339,True,good,6117085769513415168
79.97204172952902,6.290335663759702,2MASS_J05195327+0617258,7,967.68,3240927075399243648,0.1451262495357336,True,good,3240927075399243648
81.07975416666665,-16.020916666669997,2MASS_J05241914-1601153,7,876.96,2983928735054717696,0.5006988274075832,True,good,2983928735054717696
169.64772789801944,-79.59858521594735,2MASS_J11183572-7935548,7,483.84,5199797745697026560,0.09853439210342724,True,good,5199797745697026560
240.10884169998457,-41.89871110000274,2MASS_J16002612-4153553,6,907.2,5995178826544423040,0.4238523259650866,True,good,5995178826544423040
240.2873048672952,-33.337389042738984,2MASS_J16010896-3320141,6,907.2,6036037331464428800,0.12875665182081122,True,good,6036037331464428800
240.79915020212533,-32.65577669941338,2MASS_J16031181-3239202,6,907.2,6036188926632560256,0.07563888395299549,True,good,6036188926632560256
242.23130640342873,-39.04284517034625,2MASS_J16085553-3902339,6,907.2,5997457736191421440,0.08832045697804214,True,good,5997457736191421440
244.17493329997976,-36.84600830000342,2MASS_J16164198-3650456,6,907.2,6021710385718856192,0.21085271730202815,True,good,6021710385718856192
245.86699999997623,-40.26023890000427,2MASS_J16232807-4015368,6,907.2,5993917892878779008,0.06786067489454206,True,good,5993917892878779008
287.61758771411894,-23.33039660306178,2MASS_J19102820-2319486,7,846.72,4080460377082576128,0.2298747842546172,True,good,4080460377082576128
308.4069628054709,-25.94821771408801,2MASS_J20333759-2556521,7,1692.366,6800238044930953600,0.3187150685480777,True,good,6800238044930953600
23.657896808874316,-15.676374472383907,49_Cet,6,2842.56,2451838022871837312,0.17368574236596518,True,good,2451838022871837312
23.65808617243877,-15.676384930992,49_Ceti,7,10401.708,2451838022871837312,0.8308599861421136,True,good,2451838022871837312
23.658004284202757,-15.67638126845418,49cet,7,665.28,2451838022871837312,0.5467225416277882,True,good,2451838022871837312
23.65792516002457,-15.67637622717388,49ceti,8,20721.886,2451838022871837312,0.27201110615545127,True,good,2451838022871837312
69.40076501497607,-2.4738503110951036,51_Eri,6,1028.16,3205095125321700480,0.0851157299887985,True,good,3205095125321700480
199.5965193795544,-18.31571495227733,61_Vir,7,10963.288,,,False,good,
94.80394445452606,-58.05410457528229,AB_pic,6,514.08,5495052596695570816,0.04652811003291357,True,good,5495052596695570816
123.8470069053098,-38.98976215486709,ASASSN-21qj,7,5152.891,5539970601632026752,0.06950191776409785,True,good,5539970601632026752
250.75525792611776,-17.90791909316339,ASAS_J164301-1754.4,7,876.96,4131758504393326592,0.1635720988946253,True,good,4131758504393326592
311.2906708333333,-31.342135833333337,AU Mic,6,6495.552,,,False,good,
311.29132229400176,-31.342627050988856,AU_Mic,9,6319.212,6794047652729201024,0.6271283157888402,True,good,6794047652729201024
55.879808959881586,22.158102286455115,BD+21_508,6,254.005,64380636350910464,0.2613858347872567,True,good,64380636350910464
56.29128708756029,21.704314816251458,BD+21_516,6,254.005,63592767549850112,0.23481309643237339,True,good,63592767549850112
60.221398611303414,23.19374766497444,BD+22_617C,6,254.008,65482175204949248,0.09081784809329783,True,good,65482175204949248
51.9252899128184,23.803434387762287,BD+23_455,6,254.008,68711956249760768,0.26032493850109956,True,good,68711956249760768
54.97391961993685,26.71675277291207,BD+26_592,6,254.007,70992682666702848,0.19698647666769745,True,good,70992682666702848
36.86906710176241,30.975928764404756,BD+30_397B,7,1874.878,,,False,good,
23.8085383337831,-7.214597763057959,Barta_161_12,7,876.96,2477870708709917568,0.4363506211472131,True,good,2477870708709917568
86.8204695823006,-51.066617842808185,BetaPic_bottom,7,3779.708,,,False,good,
86.82113291532605,-51.06589450944063,BetaPic_ctr,7,3779.708,4792774797545800832,0.9001383858491823,True,good,4792774797545800832
86.8217958314888,-51.06517062048762,BetaPic_top,7,3779.708,,,False,good,
86.82122228139703,-51.06600331679675,Beta_Pic,3,8104.127,4792774797545800832,0.47938794625438147,True,good,4792774797545800832
75.19673421770042,-57.256705940995765,CD-57_1054,7,2052.844,4764027962957023104,0.18517399933723638,True,good,4764027962957023104
195.5558017091182,-76.63278094628892,CM_Cha,7,1814.4,5789239989411572608,0.13046485200723706,True,good,5789239989411572608
340.7053687105806,-71.70615642206936,CP-72_2713,6,3810.189,6382640367603744128,0.19631348788602793,True,good,6382640367603744128
130.6119154800483,-78.9631361378142,EK_Cha,7,514.08,5209037736474704512,0.27388132742581617,True,good,5209037736474704512
53.75904163865584,23.70956126185156,EPIC_211046195,7,1270.08,68012529415816832,0.2653331993789102,True,good,68012529415816832
130.82656335505175,-79.08822440258982,ET_Cha,7,54.432,5209024366240981632,0.21789433807941738,True,good,5209024366240981632
53.22806815130576,-9.458205292922717,Epsilon_Eridani,6,3806.496,5164707970261890560,0.810985167005025,True,good,5164707970261890560
344.4143757416034,-29.62290486140328,Fomalhaut,6,4444.576,,,False,good,
344.411808833862,-29.61755713817472,Fomalhaut_Apocenter,6,7399.013,,,False,good,
344.4174956398363,-29.628660589021724,Fomalhaut_Pericenter,6,7399.012,,,False,good,
352.1971208333333,5.247516666666667,G29-38,7,6955.2,,,False,good,
4.280458160557414,40.94873412359358,GJ14,6,5607.403,,,False,good,
77.96583430660628,-45.04753010348555,GJ_191,6,60464.065,,,False,good,
6.959912825227786,-32.552091421933405,GJ_2006A,7,876.96,2315841869173294080,0.4746754476029674,True,good,2315841869173294080
6.960043190973526,-32.55678336110836,GJ_2006B,7,876.96,,,False,good,
111.85496549112013,5.20727767520902,GJ_273,6,85693.019,3139847906306412160,0.3271295670377885,True,good,3139847906306412160
17.85693537474402,15.438700447585544,GJ_3076,7,1088.64,2783378162041480832,0.7393085526413699,True,good,2783378162041480832
229.8552916358109,-7.722781494270307,GJ_581,6,35931.836,,,False,good,
213.90151991358505,1.288440540983692,GK_Vir,6,2540.147,3666166938357148672,0.034897241529856536,True,good,3666166938357148672
70.73609077320178,18.952184269356017,GL_176,6,16791.217,,,False,good,
90.0162233538992,2.706346809982896,GL_3379,6,17862.368,3316364602541746048,0.8933036441424759,True,good,3316364602541746048
218.56807176993803,-12.516357112001293,GL_555,6,12140.918,,,False,good,
332.4241566743314,-4.640855653709925,GL_849,6,14653.514,,,False,good,
273.59201903806274,-32.76968017220466,GSC_07396-00759,7,876.96,4045698732855626624,0.1536813481529878,True,good,4045698732855626624
262.3361595013421,-50.24833331667466,GSC_08350-01924,7,967.68,5949369736173100544,0.3114020972634956,True,good,5949369736173100544
260.23374996663455,-26.058811672845103,Gaia_DR2_4108404224585712768,6,302.4,4108404224585712768,0.7558868590570599,True,good,4108404224585712768
247.91941592918573,-24.42144471190479,Gaia_DR2_6047590759117265280,6,483.721,6047590759117265280,0.6210073662738707,True,good,6047590759117265280
244.76764340326227,-26.9617133615394,Gaia_DR2_6048347979034299904,6,483.72,6048347979034299904,0.628133865290148,True,good,6048347979034299904
246.53875485586968,-24.570365091996393,Gaia_DR2_6049123615765201536,6,483.702,6049123615765201536,0.7213842799671911,True,good,6049123615765201536
310.8135181564079,10.72644615523902,Gaia_DR3_1751335969361640192,7,5019.569,1751335969361640192,0.17530725103143024,True,good,1751335969361640192
161.06911347307414,-45.27044928740216,Gaia_DR3_5366813974272886528,7,2721.6,5366813974272886528,0.8410097756262571,True,good,5366813974272886528
52.97338362,-25.61411285,HD 21997,7,1512.0,,,False,good,
177.2625501792377,14.571547978596383,HD102647,6,18409.868,,,False,good,
25.62392109062355,-53.74151359577984,HD10647,7,2298.24,,,False,good,
184.7757852431724,16.547217182421225,HD107146,1,13456.608,,,False,good,
189.00383977045587,-39.86965973208726,HD109573,7,876.96,6147117727029871360,0.4157201164506233,True,good,6147117727029871360
189.6776107124959,-68.7637239584634,HD109832,8,1360.8,5855753399177548416,0.24556056760551223,True,good,5855753399177548416
190.4716159672346,10.235041903003577,HD110411,6,12690.549,3903402278745164672,0.9040145402287584,True,good,3903402278745164672
208.8284307254712,-53.52864013385462,HD121191,8,967.68,6065138792911302784,0.11959718834609832,True,good,6065138792911302784
209.42113026372505,-47.009640820197106,HD121617,8,846.72,6095178206488363264,0.1374687719521646,True,good,6095178206488363264
223.78330657349963,-41.120525321105184,HD131488,7,17231.438,6101164531905526528,0.16911367856654935,True,good,6101164531905526528
224.22681671235128,-35.695580187086584,HD131835,8,846.72,6202242567124829312,0.03260150992510448,True,good,6202242567124829312
233.8169623370961,-25.73433440008403,HD138813,7,1481.76,6237729751586459392,0.29648190507409855,True,good,6237729751586459392
235.0474801160529,-70.22818682133449,HD138965,6,2449.44,5819811291755502976,0.2620989817876121,True,good,5819811291755502976
34.32889953377594,33.84692436195447,HD14055,6,1300.32,326109689896765568,0.19000758739344914,True,good,326109689896765568
237.23645129335677,-3.8184615972093807,HD141378,6,14182.306,4402445936305708416,0.25394457289937983,True,good,4402445936305708416
237.49050125161708,-3.921334168636769,HD141569,7,15597.061,4399438153527026176,0.2090357036445061,True,good,4399438153527026176
239.1666983783059,-22.027900020469172,HD142666,6,1300.32,6243489715051060480,0.08076635848606434,True,good,6243489715051060480
243.39287140476637,-45.81790155486334,HD145560,7,19685.034,5990267273750368768,0.2813615675639775,True,good,5990267273750368768
244.87177784071696,-21.403830352236017,HD146897,8,20320.278,6244295760151546624,0.10962023253806792,True,good,6244295760151546624
250.40292399660984,26.91665578526982,HD150682,6,1360.8,1301518718691599744,0.09280265412907734,True,good,1301518718691599744
36.5682755791988,6.292218602779065,HD15115,7,34018.433,2517397846786452224,0.7891160881967318,True,good,2517397846786452224
37.04147233713497,29.668787392040905,HD15257,7,31595.187,131471770725205632,0.5812189544427296,True,good,131471770725205632
255.02606950807325,-54.59765117850405,HD153053,6,19896.53,5917719984738398848,0.5597102441026603,True,good,5917719984738398848
260.21075713311416,-45.42112055904918,HD156623,7,1209.6,5952702871347477120,0.419550033160787,True,good,5952702871347477120
262.20656116822835,0.3307303341958834,HD158352,6,876.96,4373966832796402048,0.18201043570834574,True,good,4373966832796402048
266.9730439847833,2.7069011711281874,HD161868,6,4354.556,4472097420946809600,0.18202473862604548,True,good,4472097420946809600
270.7642427186041,-51.64938508933216,HD164249,6,423.36,6702775135228913280,0.049185709165149236,True,good,6702775135228913280
39.78218216120224,-52.93453576493832,HD16743,6,5805.983,4742097275828451584,0.33373979266285186,True,good,4742097275828451584
278.25440997833607,-39.89242974696732,HD170773,6,4172.949,6723753061177741312,0.31493062189210297,True,good,6723753061177741312
281.3624150965155,-64.87190706101953,HD172555,6,453.6,6438274350302427776,0.06587808551273928,True,good,6438274350302427776
290.71355005058575,-54.42428897393634,HD181296,6,846.159,6643602576214115584,0.03499971242827723,True,good,6643602576214115584
290.74580259388324,-54.538438242759185,HD181327,8,2872.8,6643589352010758400,0.09384647328330198,True,good,6643589352010758400
291.7354572032394,-29.74348406878292,HD182681,6,1632.549,6758468487246533248,0.1403764603317806,True,good,6758468487246533248
302.2719508511789,-26.224390820648537,HD191089,6,816.48,6847146784384459648,0.2171566587136963,True,good,6847146784384459648
319.6153488904904,-43.33454106194144,HD202628,6,8799.322,6577318075351824512,0.648525733697721,True,good,6577318075351824512
324.3382742073311,-18.441715673726687,HD205674,6,816.48,6831554747427433728,0.30443063881862464,True,good,6831554747427433728
326.3417696071705,-12.7833517097229,HD206893,7,16216.478,6843672087120107264,0.2416036581185337,True,good,6843672087120107264
336.56002567149517,-2.7893946575743187,HD212695,6,846.72,2629041948233065216,0.22237456818723386,True,good,2629041948233065216
344.4153882167467,-29.6234324421183,HD216956,1,10401.626,,,False,good,
52.97395905573478,-25.614260454767532,HD21997,7,5926.907,5084963312478488960,0.5545588500397085,True,good,5084963312478488960
75.61435562190026,7.460866807888706,HD32297,7,9192.114,3289902690554574464,0.1884277536911951,True,good,3289902690554574464
81.65254439002113,-22.489947782565203,HD35841,6,1631.906,2958833623399371392,0.024973834180453965,True,good,2958833623399371392
2.107886413063969,6.616788416193775,HD377,6,6704.656,2745647973856851712,0.7944411621049359,True,good,2745647973856851712
86.82125447581116,-51.06591790134831,HD39060,1,13910.16,4792774797545800832,0.7873786676028702,True,good,4792774797545800832
104.99636377217855,-61.33443342921032,HD53143,6,12998.524,,,False,good,
113.9473295136604,-32.20341706314799,HD61005,7,6256.967,5592237639209047424,0.7017064334941067,True,good,5592237639209047424
134.3970654842217,15.581415054221416,HD76582,7,5987.401,610549499710989440,0.44757043602363156,True,good,610549499710989440
147.2616323923897,34.08503878870467,HD84870,7,37725.439,794503773634723072,0.4303371366509042,True,good,794503773634723072
164.26187344382367,-68.66726679787949,HD95086,7,8436.801,5231963962676292224,0.292232899471083,True,good,5231963962676292224
23.658031449886987,-15.676382352512563,HD9672,7,2993.76,2451838022871837312,0.6409619476095271,True,good,2451838022871837312
169.49183152623502,-64.04260352039618,HD98363,8,1088.64,5240643988513309952,0.18241778898382804,True,good,5240643988513309952
173.27290672436536,-54.32462747272777,HD_100453,5,1602.72,5345011040956367104,0.10161171614928109,True,good,5345011040956367104
179.66157093607475,-52.768826525271514,HD_104021,6,332.64,5368481662840656512,0.9011460750298517,True,good,5368481662840656512
180.6563620585274,-69.19233368543233,HD_104600,6,1905.117,5859187277060333184,0.2668401166313322,True,good,5859187277060333184
182.019942651001,-50.76371059506571,HD_105383,6,1481.76,6126469139186679808,0.23269843950061672,True,good,6126469139186679808
182.41116515716203,-58.34971981581669,HD_105613,6,1571.746,6071348491003883136,0.25571078221115817,True,good,6071348491003883136
182.5467448189752,-46.98758378944452,HD_105714_A,6,332.64,6131073928238087040,0.7602319688728685,True,good,6131073928238087040
182.7740536705215,-56.40142385497421,HD_105857,6,1571.787,6072504073402829056,0.2515618910684747,True,good,6072504073402829056
25.62344475810278,-53.74130663287519,HD_10647,6,4775.526,4912580642524184960,0.1158077132961815,True,good,4912580642524184960
183.73450146623333,-47.94858015170662,HD_106473,6,1451.52,6130345536147985024,0.2533633173041362,True,good,6130345536147985024
184.27570053230377,-65.69302308906896,HD_106797,6,1814.398,5860789299912353024,0.2677987963540124,True,good,5860789299912353024
184.47136582997203,-55.97557205075587,HD_106906,6,635.04,6072902994276659200,0.09752377098154283,True,good,6072902994276659200
184.77600557972707,16.547418703959288,HD_107146,7,2600.64,,,False,good,
185.0801998865358,-51.21870515127026,HD_107298,6,332.64,6125788094812375680,0.8770541206687338,True,good,6125788094812375680
188.12250398770303,-49.94293089470038,HD_109111,6,332.64,6127281296018074496,0.6431605148949129,True,good,6127281296018074496
188.49206664866972,-56.5708598162732,HD_109276,6,362.825,6073202027084283392,0.948664100539491,True,good,6073202027084283392
26.527469313098976,-53.52164494209827,HD_10939,6,5440.664,,,False,good,
189.67778414973264,-68.76370399699573,HD_109832,6,937.44,5855753399177548416,0.0149067069483802,True,good,5855753399177548416
189.94230768181956,-49.19881726633716,HD_110058,6,544.32,6127782196588876160,0.07855809873930189,True,good,6127782196588876160
190.47189358543153,10.235146438720797,HD_110411,6,3083.972,,,False,good,
190.63133800600775,-47.267092529070155,HD_110444,6,332.64,6128893287446087040,0.7659836770572642,True,good,6128893287446087040
192.45301114518145,-51.39313124284857,HD_111436,6,332.64,6078388560857858816,0.8561025740562574,True,good,6078388560857858816
194.35847102669243,-67.96080226013116,HD_112383,6,1905.117,5857261551179958016,0.27906414670264634,True,good,5857261551179958016
194.541508418238,-54.18581671305627,HD_112532,6,1905.12,6073874172274613248,0.228366375904042,True,good,6073874172274613248
196.2579665398748,-64.4416894357759,HD_113457,6,1814.398,5862028930545927936,0.27248938433330405,True,good,5862028930545927936
196.64912726364105,-46.033963212030535,HD_113766,6,544.32,6086467149517306368,0.0445943171964934,True,good,6086467149517306368
197.31715364933285,-60.30842233732973,HD_114082,6,635.04,6055854551117476480,0.09146173405230178,True,good,6055854551117476480
27.7262879421239,-50.20616017695848,HD_11413,6,16692.438,4940552596292014336,0.4448435422088213,True,good,4940552596292014336
198.36428735022665,-45.736527757282325,HD_114788,6,332.64,6088022447375886080,0.8445050891287869,True,good,6088022447375886080
199.8311607638113,-59.47241267396905,HD_115600,6,635.04,6061991269115435136,0.06799576368501144,True,good,6061991269115435136
199.59584753230592,-18.316327878338804,HD_115617,7,9066.206,,,False,good,
200.1114002991836,-49.22379849962425,HD_115820,6,1964.626,6083262244920009088,0.26127734947188536,True,good,6083262244920009088
200.63262302742692,-52.168539411752604,HD_116116,6,362.831,6068501851076292864,0.8401570477924928,True,good,6068501851076292864
201.09083589729073,-53.99968127942877,HD_116388,6,362.839,6067344516312101376,0.7087063544022018,True,good,6067344516312101376
201.25234802806537,-43.92254095030293,HD_116553,6,967.668,6088404871264435328,0.20023741682367707,True,good,6088404871264435328
201.3746579974839,-52.362175361547955,HD_116587,6,362.819,,,False,good,
201.43587085471876,-47.8191423690062,HD_116649,6,1994.972,6083482838752151808,0.2333636253390109,True,good,6083482838752151808
201.48266991369297,-51.177292621318415,HD_116651,6,362.823,6070094085654316416,0.9839054836324573,True,good,6070094085654316416
202.53709001382444,-58.48463603542229,HD_117214,6,1149.12,5870290798365685248,0.06081197497208638,True,good,5870290798365685248
202.8788275870738,-46.73533104219078,HD_117484,6,1934.668,6084120933444617216,0.18209441533300982,True,good,6084120933444617216
203.16327159217784,-44.45036906335509,HD_117665,6,967.666,6087637068551279360,0.2214927692702464,True,good,6087637068551279360
204.3238415694568,-40.898003270466,HD_118379,6,967.666,6112995173937284736,0.23165064556448475,True,good,6112995173937284736
204.67842102629135,-44.51641218684897,HD_118588,6,967.667,6108418181912503168,0.22351555940341591,True,good,6108418181912503168
205.4733086286811,-43.176851166405726,HD_119067,6,967.667,6111637861196573568,0.2134969603828456,True,good,6111637861196573568
205.68136407002115,-43.18600888272329,HD_119221,6,332.64,,,False,good,
206.23868373821043,-45.22328010715489,HD_119573,6,967.666,6108176804749968640,0.21923624980877576,True,good,6108176804749968640
206.4412094234628,-34.74539479261991,HD_119740,6,302.4,6164261930805373568,0.8482408498578843,True,good,6164261930805373568
207.4768101289359,-50.24009897602297,HD_120326,6,2049.272,6093660880442332928,0.24257233073099368,True,good,6093660880442332928
208.82835089948557,-53.52871091830691,HD_121191,6,5201.209,6065138792911302784,0.4222658859587586,True,good,6065138792911302784
209.42114479440016,-47.00960933439892,HD_121617,6,2540.16,6095178206488363264,0.07469377245267603,True,good,6095178206488363264
210.97400132237584,-53.77460436602057,HD_122513,6,2236.867,5896756833463694848,0.22585580214209844,True,good,5896756833463694848
211.17535424105708,-50.071544233938006,HD_122705,6,2049.336,6090684674269292800,0.23385293032024806,True,good,6090684674269292800
211.5421507217427,-41.17483099255267,HD_123021,6,967.674,6110115621706655616,0.21883363860327357,True,good,6110115621706655616
215.29789987464383,-41.70704335847684,HD_125541,6,967.674,6103740000452634112,0.19566647118584518,True,good,6103740000452634112
215.4517742250622,-38.68097268401716,HD_125647,6,967.674,6116683004659017984,0.19393893550180435,True,good,6116683004659017984
215.7405625548492,-46.27951828595579,HD_125777,6,453.529,6093237431027231104,0.6668916520348881,True,good,6093237431027231104
216.15394761359988,-47.177882665641,HD_126062,6,967.673,6092860092382069248,0.22184086244357876,True,good,6092860092382069248
216.4470830300531,-60.494635392008526,HD_126116,6,362.88,5878695190318304640,0.5452412639227314,True,good,5878695190318304640
217.11051543800968,-45.87306457516976,HD_126710,6,453.521,6099080472034577664,0.7403080710493632,True,good,6099080472034577664
218.01729707776255,-46.10012422843685,HD_127326,6,453.519,6098288690525428608,0.7590589386386076,True,good,6098288690525428608
218.19421443440183,-43.617812091460856,HD_127466,6,453.523,6099917616999994368,0.7254226049856679,True,good,6099917616999994368
218.63915847366357,-46.304926873129304,HD_127750,6,967.674,6098314112427669760,0.20993817381057867,True,good,6098314112427669760
219.35441046817652,-36.7229123474345,HD_128360,6,423.321,6106767986755151360,0.8165216950080523,True,good,6106767986755151360
221.12887570983264,-39.98917117702947,HD_129590,6,846.72,6102199477284607872,0.02079031008726808,True,good,6102199477284607872
222.1390128114716,-30.446637997919847,HD_130361,6,393.089,6217754855134160128,0.6861196262852252,True,good,6217754855134160128
223.78332788737785,-41.12049448063266,HD_131488,6,1360.8,6101164531905526528,0.051304452295837556,True,good,6101164531905526528
224.22683677083853,-35.695560176043806,HD_131835,7,1874.88,6202242567124829312,0.06243885295123073,True,good,6202242567124829312
224.34170712556693,-27.320883596583467,HD_131960,6,1844.64,6225298840624107264,0.18803939341839956,True,good,6225298840624107264
224.8078681469113,-37.88137096585314,HD_132238,6,1451.482,6198727978207576448,0.22176994006149053,True,good,6198727978207576448
225.49371535101923,-45.84863021583494,HD_132690,6,1450.988,5906941644021801728,0.2135253019250309,True,good,5906941644021801728
226.04431867420112,-31.937098414352864,HD_133195,6,362.848,6204792540747132544,0.7849043584982033,True,good,6204792540747132544
226.29729246875968,-47.57620375968427,HD_133263,6,332.64,5903588442799783424,0.8022063437707196,True,good,5903588442799783424
226.2430090984169,-37.689220728983656,HD_133319,6,1451.479,6198061605441186176,0.23984577499758014,True,good,6198061605441186176
226.55792862343552,-37.29019597310545,HD_133531,6,483.764,6199574705240285440,0.7031102083495651,True,good,6199574705240285440
226.8120251501485,-29.504675817329662,HD_133803,6,1360.757,6212050520082538880,0.32067732536624827,True,good,6212050520082538880
227.00430346491288,-43.71269542683763,HD_133820,6,1450.844,6003604487219267456,0.26991948353522993,True,good,6003604487219267456
228.52895220261647,-38.152487655002446,HD_134989,6,483.771,6007091279106120448,0.6345904420258165,True,good,6007091279106120448
228.88083799005108,-49.2129489909507,HD_135132,6,332.64,5902239097218924032,0.6685784771126597,True,good,5902239097218924032
228.98290241052683,-47.158511208939125,HD_135255,6,332.64,5903800408033822592,0.7963524687070471,True,good,5903800408033822592
229.36484067699115,-43.38396563938988,HD_135583,6,1451.013,6003861291905111936,0.20901862698928242,True,good,6003861291905111936
229.68418078114047,-48.906920642970846,HD_135769,6,332.64,5902614619108980992,0.6425891577625812,True,good,5902614619108980992
229.77914334501256,-42.4379114053082,HD_135878,6,483.759,6003925613336937344,0.7516749089624472,True,good,6003925613336937344
230.4668166138553,-37.549039833965736,HD_136423,6,483.754,6007365675977443584,0.7908125120997139,True,good,6007365675977443584
230.54673507520303,-37.635778798697736,HD_136482,6,1451.48,6007352550557348352,0.24021796776150872,True,good,6007352550557348352
231.53367597934377,-53.5579561444958,HD_137041,6,332.64,5888550525382223232,0.765269180394696,True,good,5888550525382223232
231.37551212536212,-36.199599053786976,HD_137119,6,1451.475,6013716695655007488,0.2820517109148768,True,good,6013716695655007488
231.69460462720383,-35.78081949059026,HD_137350,6,483.755,6013755556519318656,0.7867702372383383,True,good,6013755556519318656
232.58682616192303,-41.92030719324567,HD_137919_B,6,483.759,6002393203373007104,0.7500399121889948,True,good,6002393203373007104
232.5945361006827,-38.31745326492329,HD_137953,6,483.759,6006380307403018112,0.7421516631717396,True,good,6006380307403018112
232.6532132536358,-37.69041791841352,HD_137990,6,483.739,6012593235290102272,0.9345635433743592,True,good,6012593235290102272
232.9943879051719,-28.758752250032934,HD_138270,6,302.4,6210223956386282496,0.6606699093002636,True,good,6210223956386282496
233.426360433996,-20.54885675075601,HD_138574,6,604.778,6253677205677626368,0.6123290712508047,True,good,6253677205677626368
233.62511796768771,-21.919055709560254,HD_138721,6,574.537,6241240904531925120,0.6731650950685584,True,good,6241240904531925120
234.0471933665001,-33.09295352123837,HD_138923,6,1391.028,6015986534331026048,0.2124554797413727,True,good,6015986534331026048
234.7376196427192,-57.70693430392608,HD_139084B,7,1028.16,,,False,good,
235.19312601801136,-42.498339340099164,HD_139614,5,1481.76,6001669793442284416,0.09893996437545081,True,good,6001669793442284416
235.29632436762236,-44.662423861515805,HD_139664,6,4595.772,5989102478619519616,0.13466366805077767,True,good,5989102478619519616
236.09044712753172,-30.20086546829864,HD_140390,6,1391.028,6016800001138806144,0.19299754543553282,True,good,6016800001138806144
236.3339831156005,-39.77351785399384,HD_140498,6,483.772,6008239375410158848,0.6279395422107837,True,good,6008239375410158848
236.704909108408,-25.243028372291143,HD_140855,6,302.4,6235143180545301248,0.7385331943821378,True,good,6235143180545301248
237.1267627310896,-32.086783418761094,HD_141133,6,6168.929,6015637027078947328,0.44196143066408927,True,good,6015637027078947328
237.30777830525057,-30.21023416527755,HD_141253,6,302.4,6040771725447137664,0.7627521526770176,True,good,6040771725447137664
237.4905213890835,-3.9213040661758543,HD_141569,6,1330.56,4399438153527026176,0.08219659645573452,True,good,4399438153527026176
237.62718392197007,-20.84839316742241,HD_141575,6,272.121,6240862122778320768,0.6793094107976902,True,good,6240862122778320768
238.0781057956106,-39.51632867582559,HD_141779,6,483.745,6008413510565572096,0.8764255926610028,True,good,6008413510565572096
238.0378039758656,-21.683399155707264,HD_141882,6,272.115,6240570099361924864,0.800494305641606,True,good,6240570099361924864
238.2355018334989,-29.842974402323893,HD_141960,6,3689.218,6040704827039124096,0.19786966980499887,True,good,6040704827039124096
237.80799209947392,35.65544386577038,HD_142091,6,11844.418,,,False,good,
239.6264715725523,-20.893593190864053,HD_142988,6,272.122,6246665723107547392,0.6627236991633045,True,good,6246665723107547392
239.87842751588585,-40.86539708403356,HD_143022,6,302.4,5996123066495774336,0.6516314260154594,True,good,5996123066495774336
239.77879108545255,-19.935455930839453,HD_143093,6,272.11,6247340788886584064,0.8810881456669017,True,good,6247340788886584064
240.0929466659774,-38.99398326870252,HD_143181,6,1118.88,5997986601284941056,0.22079827633275675,True,good,5997986601284941056
240.8062688771579,-35.28764481087004,HD_143675,8,1209.6,6011074324396444800,0.204888593454827,True,good,6011074324396444800
241.23093891080737,-20.900272915613044,HD_144113,6,272.123,6243989301345820544,0.6519041421179013,True,good,6243989301345820544
241.43672307081,-19.681306953425004,HD_144273,6,272.126,6247236060405825664,0.6077315397370259,True,good,6247236060405825664
241.6382638077224,-39.25966212613976,HD_144277,6,1965.6,5997064935667762944,0.19325474102518364,True,good,5997064935667762944
242.13051670064516,-35.16399980470274,HD_144691,6,1391.026,6034863564137378688,0.2381513541442127,True,good,6034863564137378688
242.43543290850155,-47.36302438573325,HD_144795,6,332.64,5984075751987548032,0.6491487166120493,True,good,5984075751987548032
242.9307044687335,-54.598084710649054,HD_145078,6,332.64,5932535491708197760,0.6602196505881792,True,good,5932535491708197760
242.4918077671526,-22.409856270329247,HD_145101,6,2449.44,6242853303975004032,0.1835928190772968,True,good,6242853303975004032
242.81637056584583,-23.20432170230624,HD_145333,6,272.123,6242196070900653952,0.6502535102300062,True,good,6242196070900653952
243.0695792617968,-42.37522289714821,HD_145357,6,1209.6,5993268150231566208,0.27074845246112994,True,good,5993268150231566208
242.99377766973976,-19.450459778647513,HD_145501_A,6,272.121,6245698187231874816,0.6958944227077166,True,good,6245698187231874816
243.0248487907188,-19.062586734361503,HD_145519,6,272.124,6245861602145571072,0.6330977754508474,True,good,6245861602145571072
243.29825577736088,-22.48531953972073,HD_145718,6,1300.32,6242664222334854784,0.15212809831349375,True,good,6242664222334854784
243.36656418204092,-27.40404132968172,HD_145719,6,483.711,6042277953299752064,0.6722493933389238,True,good,6042277953299752064
243.67999263092193,-39.131212810421175,HD_145840,6,302.4,5997175092984855424,0.8420220528053279,True,good,5997175092984855424
243.74058705290236,-39.62795468608063,HD_145880,6,786.24,5997144169219985792,0.013641541488419642,True,good,5997144169219985792
243.5853265810069,-22.136316807263867,HD_145942,6,272.122,6242770836302870784,0.6662876500797363,True,good,6242770836302870784
243.62017627918755,-21.10780226345484,HD_145964,6,1360.8,6243044378479191808,0.3130714037679536,True,good,6243044378479191808
244.0158060864233,-49.07502850339176,HD_145972,6,1451.52,5935598765341599104,0.2465304019264748,True,good,5935598765341599104
243.7835456072233,-24.58871305558116,HD_146055,6,483.727,6049686973740646400,0.5912358504442157,True,good,6049686973740646400
244.34451938052712,-42.83823836157657,HD_146290_A,6,332.64,5992457707091076736,0.6073111533228015,True,good,5992457707091076736
244.18424363953295,-25.229492006555827,HD_146330,6,483.722,6048851310543791872,0.6164800798925278,True,good,6048851310543791872
244.36203101145983,-23.34207601042922,HD_146494,6,483.72,6050354171138679680,0.6252316637399217,True,good,6050354171138679680
245.05119380251872,-39.50083150155193,HD_146905,6,302.4,5994194007714170496,0.6278708544098985,True,good,5994194007714170496
245.06251255982997,-25.645890520486923,HD_147013,6,483.728,6048580285228456320,0.5890643623508993,True,good,6048580285228456320
246.24291723598137,-48.60159878458413,HD_147558,6,1451.52,5941492693109589248,0.2534074638270924,True,good,5941492693109589248
246.5410058812561,-41.22632778637954,HD_147875,6,332.64,5993062369744449920,0.6291140901026615,True,good,5993062369744449920
247.48312454476377,-26.59088056373072,HD_148563,6,483.731,6045625175931735296,0.5727955777201609,True,good,6045625175931735296
248.8277134802474,-42.24010153830787,HD_149230,6,332.64,5968523434867355520,0.6056412495274641,True,good,5968523434867355520
249.16328823638733,-19.602341864366085,HD_149619,6,302.4,4131144019130832256,0.6195660834701342,True,good,4131144019130832256
249.88867721051827,-39.60943591474844,HD_149938,6,423.227,5969457126408116864,0.6205340058320783,True,good,5969457126408116864
249.99112351201583,-39.78918274169973,HD_150004,6,423.23,5969451113483612160,0.5079218344925217,True,good,5969451113483612160
250.13696658211288,-38.2270281674736,HD_150107,6,423.227,6019085610970193536,0.6191694460679965,True,good,6019085610970193536
250.62694018073572,-38.930338642242646,HD_150398,6,423.226,5971000668971867904,0.6240453298539134,True,good,5971000668971867904
250.79668692821735,-43.653129537886265,HD_150477,6,459.503,5967590877215961344,0.6221304995637454,True,good,5967590877215961344
250.9852728157995,-38.33403387312876,HD_150641,6,423.23,5971042858373752832,0.6059142323603895,True,good,5971042858373752832
251.57053602848137,-39.272771537276654,HD_150988,6,1391.036,5970758535889043072,0.1659844254283532,True,good,5970758535889043072
251.5548461795671,-39.74598462668706,HD_150989,6,423.221,5970672288599120768,0.6468478061365571,True,good,5970672288599120768
251.75689531786497,-39.53401172206294,HD_151109,6,1391.036,5970681157767308160,0.16883240068155933,True,good,5970681157767308160
36.56807287135081,6.292330410542879,HD_15115,6,907.2,2517397846786452224,0.042071689585343346,True,good,2517397846786452224
252.60249882597043,-38.04870078318064,HD_151681,6,423.224,5971298529186955008,0.6296919258866933,True,good,5971298529186955008
253.6419431337381,-38.10578616463289,HD_152369,6,1391.036,5971248260889725824,0.1905088752498736,True,good,5971248260889725824
253.7434133832448,-41.09307068401046,HD_152407,6,459.505,5969567485567967360,0.6105498137333993,True,good,5969567485567967360
254.00292728667267,-37.51278491622844,HD_152621,6,1391.036,5971366394029695872,0.1732134858543388,True,good,5971366394029695872
254.41426291551383,-37.80804932613156,HD_152870,6,392.993,5970593231205906176,0.636227496891855,True,good,5970593231205906176
254.47454931924912,-27.611136939339485,HD_152989,6,1935.36,6033260858500218752,0.23497064604494317,True,good,6033260858500218752
257.3753552118835,-46.541508928262054,HD_154743,6,423.188,5962957329056628480,0.8030509686092867,True,good,5962957329056628480
257.6829235495523,-22.004830442026503,HD_155142,6,302.4,4115401727071929984,0.5395101784449987,True,good,4115401727071929984
258.0049058355162,-25.681922632791704,HD_155334,6,302.4,4109366851391759616,0.5465555714100198,True,good,4109366851391759616
259.3802625158159,-66.95226502812297,HD_155555C,7,1270.08,5811866358170877184,0.3707649005641232,True,good,5811866358170877184
258.9094639997313,-33.834109077195734,HD_155853,6,4898.879,5978966385844418560,0.19195005764152065,True,good,5978966385844418560
260.21078071851355,-45.42108135899331,HD_156623,8,4959.162,5952702871347477120,0.26674174083190455,True,good,5952702871347477120
38.23284679553951,37.33337626319963,HD_15745,6,1270.08,333649522164960256,0.16887594787270493,True,good,333649522164960256
261.818738269425,-28.77045674235855,HD_157918,6,302.4,4059649375182445440,0.6612904231536761,True,good,4059649375182445440
262.20625498783204,0.3308189164431879,HD_158352,6,1451.52,,,False,good,
264.2442872067169,-32.12886695326385,HD_159595,6,1723.68,4055010982172546304,0.26544150883152456,True,good,4055010982172546304
264.65298115831695,-42.73419492899632,HD_159807,6,332.64,5955946636792294144,0.7698174733356095,True,good,5955946636792294144
39.78238687403761,-52.934455216068685,HD_16743,9,1413.12,4742097275828451584,0.8642025522029634,True,good,4742097275828451584
276.97794689506617,-1.093607811382744,HD_170116,6,5443.124,4272791731319533056,0.12058250226189197,True,good,4272791731319533056
277.8468400519288,-34.75042013723623,HD_170535,6,604.791,6734855001900424704,0.6959869397012467,True,good,6734855001900424704
285.528332799075,-36.36180353829644,HD_176497,6,3447.359,6731251799189397248,0.1880676846828443,True,good,6731251799189397248
291.55522421666757,20.097386938934253,HD_182919,6,3689.245,4515892996332248960,0.691538710990023,True,good,4515892996332248960
292.2540942315203,1.950127949358842,HD_183324,6,1451.52,4287948945800741120,0.6373889305860344,True,good,4287948945800741120
302.27195642115487,-26.224383463467017,HD_191089,6,1421.28,6847146784384459648,0.198463924710937,True,good,6847146784384459648
304.5660979152868,-42.860358868030154,HD_192758,6,2419.2,6680036513203406848,0.14841517472672666,True,good,6680036513203406848
319.61515307838386,-43.33455735321729,HD_202628,6,36339.207,6577318075351824512,0.13381065056370883,True,good,6577318075351824512
320.20838270750653,-53.03466890502842,HD_202917,6,2540.16,6463782435948431616,0.12375208036034584,True,good,6463782435948431616
326.3417660918875,-12.78335151873893,HD_206893,6,11610.228,6843672087120107264,0.22927000947338502,True,good,6843672087120107264
327.0667520166924,-47.304950451751665,HD_207129,6,4655.507,6564091190988411520,0.12360484774672481,True,good,6564091190988411520
52.97384379950127,-25.614227939257333,HD_21997,6,1844.64,5084963312478488960,0.162646566382783,True,good,5084963312478488960
353.9009625335853,8.382421784145073,HD_221853,6,2570.4,2758229582334976512,0.1520502224425354,True,good,2758229582334976512
54.35030445515173,22.350733382905513,HD_22444,6,254.005,64575730944903552,0.17710643063019071,True,good,64575730944903552
54.78814166185672,24.3675727718061,HD_22627,6,254.006,68250264445159936,0.18428151775165436,True,good,68250264445159936
54.92173747829542,23.29063474055544,HD_22680,6,254.0,65113559634339200,0.3043597416560603,True,good,65113559634339200
56.24560264563165,22.032210704653668,HD_23312,6,254.0,64739248940235392,0.16938754874554537,True,good,64739248940235392
56.0399870671993,-38.27986808902504,HD_23484,6,13758.239,,,False,good,
56.83711883725805,25.5255797937862,HD_23598,6,254.005,69964879813013248,0.2293532072860599,True,good,69964879813013248
57.470596493943994,25.647202281262057,HD_23935,6,254.005,66980362877378432,0.1750304230395837,True,good,66980362877378432
57.57374650426681,25.379306721784996,HD_23975,6,254.005,66960262430594816,0.210968952151298,True,good,66960262430594816
76.73129507920447,10.997639977052868,HD_240779,7,3084.156,3291818722708659200,0.5705543586554949,True,good,3291818722708659200
57.77651854008492,25.594448652453114,HD_24086,6,254.005,66969676998824576,0.16655005717693155,True,good,66969676998824576
58.22291510379928,24.715472098523428,HD_24302,6,254.0,66655560269868544,0.21242680515837964,True,good,66655560269868544
58.59007000461442,24.075435887563724,HD_24463,6,254.005,65819965792011904,0.21296263723548803,True,good,65819965792011904
71.7065621900037,-26.302475061257436,HD_30447,6,2328.48,4881312593414911616,0.08548434962604282,True,good,4881312593414911616
73.95101631073861,30.3377592878022,HD_31305,6,1844.64,156901168277114752,0.17027207254021925,True,good,156901168277114752
73.51861752975597,-35.403397445480756,HD_31392,6,26624.405,,,False,good,
250.5601341639233,-39.863716055110906,HD_321933,6,392.992,5969392049083647616,0.6399520006830257,True,good,5969392049083647616
75.61435174738531,7.460902337394248,HD_32297,6,4838.383,3289902690554574464,0.06485652674074123,True,good,3289902690554574464
81.65254206358175,-22.489945247984014,HD_35841,6,2812.32,2958833623399371392,0.014102917134734091,True,good,2958833623399371392
83.3782527191793,24.62840475323168,HD_36546,6,3568.297,3416768877653289216,0.830147714900519,True,good,3416768877653289216
9.736778698536282,-52.534419513977696,HD_3670,6,2540.16,4924930906883506560,0.160898692804856,True,good,4924930906883506560
84.28675346720524,-11.77565426659115,HD_37306,6,1360.8,3010113299530081664,0.4127803807406232,True,good,3010113299530081664
84.87976978978553,-3.564687613462008,HD_37594,6,10764.354,3215795435043618432,0.030699799372199334,True,good,3215795435043618432
85.83741563809188,-20.18931717384953,HD_38207,6,2812.32,2966779995793890560,0.09369690157709838,True,good,2966779995793890560
85.89937005513038,-39.9234540928803,HD_38397,6,2388.96,4808165830030420352,0.0793603648945867,True,good,4808165830030420352
87.14584001201311,-4.095671794005552,HD_38858,6,4898.644,3023711269067191296,0.07072744623561644,True,good,3023711269067191296
96.18149521167705,-28.780968150488132,HD_45184,6,25789.557,,,False,good,
100.75432919720896,-2.889043835624662,HD_48370,6,1874.88,3105749748629384576,0.1022781192526302,True,good,3105749748629384576
102.50425818177304,-60.248581814210326,HD_50571,7,2147.04,5480006192386819456,0.291471026924112,True,good,5480006192386819456
13.646876284071386,19.188329453036612,HD_5267,6,1814.4,2789007592856305024,0.1816415965320017,True,good,2789007592856305024
113.947453089975,-32.20355363239682,HD_61005,6,2661.118,5592237639209047424,0.0825922614537751,True,good,5592237639209047424
124.6017730054643,-12.639026782558927,HD_69830,7,17279.683,,,False,good,
134.39710146077078,15.58142683179492,HD_76582,10,2856.96,610549499710989440,0.5793160136794202,True,good,610549499710989440
154.86880056040118,6.582637615221271,HD_89452,6,22980.258,3861752365967697664,0.5918113357532478,True,good,3861752365967697664
169.49093063402483,-46.09844831725686,HD_98303,6,332.64,5374757056729347840,0.7452519713580187,True,good,5374757056729347840
169.49196027004572,-64.04259933789055,HD_98363,6,876.96,5240643988513309952,0.02124963729231844,True,good,5240643988513309952
170.52157755928042,-24.777812062210856,HD_98800,6,4063.993,3534414590303807232,0.16801023834681544,True,good,3534414590303807232
24.483999707343408,21.2610774305614,HD_9985,6,5503.611,96684253613955328,0.096018944059205,True,good,96684253613955328
56.61404243907536,25.13530420568432,HII_1015,6,254.005,69847610026687104,0.1330315495489412,True,good,69847610026687104
55.85233652166746,23.225705268469618,HII_102,6,254.006,65063707949772544,0.13894790600927207,True,good,65063707949772544
56.66166090429151,24.959376184292495,HII_1101,6,254.005,66838452861270272,0.2185914616855547,True,good,66838452861270272
56.65719076143835,23.787496970476415,HII_1117,6,254.006,65199978672758272,0.31302710133750633,True,good,65199978672758272
56.660109044617066,22.919545853992297,HII_1132,6,254.006,64808204638390912,0.2042456832125948,True,good,64808204638390912
56.66676545446967,23.110079793523887,HII_1139,6,254.005,64952829074688896,0.17051799454083708,True,good,64952829074688896
56.696186637923496,22.91431145119361,HII_1182,6,254.005,64899017426872960,0.24619556869476705,True,good,64899017426872960
55.88326776618472,23.67381839696278,HII_120,6,254.005,65232105028172160,0.16632586677316252,True,good,65232105028172160
56.71067823635618,23.238976618761765,HII_1200,6,254.007,64960628735279232,0.11167588896764356,True,good,64960628735279232
56.79202619303448,24.276403222949565,HII_1309,6,253.977,66729261908482048,0.22025313859464524,True,good,66729261908482048
56.81913923763024,24.128197631111934,HII_1338,6,253.991,66715174415764736,0.21521060607909107,True,good,66715174415764736
56.91854167001497,24.364583330003377,HII_1514,6,254.016,66737095928811648,0.8541400729442651,True,good,66737095928811648
55.907368535942155,23.53575169835536,HII_152,6,254.005,65089336018173440,0.2588545221298209,True,good,65089336018173440
56.96879058595186,23.94122003139856,HII_1613,6,254.01,65020414679879296,0.8875134533973765,True,good,65020414679879296
57.029686436899496,24.14190864040187,HII_1726,6,253.96,66713044112564864,0.9030359516217635,True,good,66713044112564864
55.95181959893646,25.18988031878589,HII_173,6,254.005,69883417170175488,0.06787725623488777,True,good,69883417170175488
55.95157203880474,25.004118939201103,HII_174,6,254.005,69876712724339456,0.377032901180729,True,good,69876712724339456
57.07044236976729,25.214879755977737,HII_1766,6,254.005,66939848447027584,0.21756223132203864,True,good,66939848447027584
57.07384859509675,25.04761892241433,HII_1776,6,254.006,66832100605159424,0.14643506562251454,True,good,66832100605159424
57.07045833001554,23.636805560003364,HII_1797,6,254.016,64999588381514496,0.8226318324473139,True,good,64999588381514496
57.10915438674084,24.04820557494121,HII_1856,6,254.005,66523893753437824,0.1515859425351007,True,good,66523893753437824
57.14504474717648,24.180887130912204,HII_1912,6,253.989,66718610389577088,0.3602722861845732,True,good,66718610389577088
57.14393493801172,23.43456586122931,HII_1924,6,254.005,64941211186036352,0.18240706466106746,True,good,64941211186036352
57.20394848611017,24.267436049466205,HII_2027,6,253.999,66720946851771904,1.0145074468313,True,questionable,66720946851771904
57.27557734004347,23.781042234240143,HII_2147,6,254.006,66503449709270400,0.0907875705956882,True,good,66503449709270400
57.29904203546693,24.63635528042978,HII_2172,6,254.006,66771146429454592,0.1976532167890083,True,good,66771146429454592
57.357298243517384,24.937372292542243,HII_2278,6,254.005,66873431072788608,0.3352322815338081,True,good,66873431072788608
55.729772446476254,24.492837795619728,HII_25,6,254.006,68310561489710336,0.14185131189515182,True,good,68310561489710336
56.01776797210079,24.989584269047544,HII_250,6,253.997,69829609819915648,0.14405131346822836,True,good,69829609819915648
57.485503237668254,23.21837668931851,HII_2506,6,254.006,64924413571101952,0.20062813163165083,True,good,64924413571101952
57.58707917002112,24.466755560004277,HII_2644,6,254.016,66565365957676416,0.866729991184975,True,good,66565365957676416
57.66711453716648,23.932811094436023,HII_2786,6,254.006,66462939577861248,0.22172351212964045,True,good,66462939577861248
57.72633333002144,23.834888890004223,HII_2881,6,254.016,66458610251617536,1.002397664202803,True,questionable,66458610251617536
56.058116910257134,24.779131166950208,HII_293,6,254.005,68322145018429952,0.2382341241735561,True,good,68322145018429952
57.86353116890616,24.518397985249436,HII_3031,6,254.003,66657415696297344,0.22788973251917516,True,good,66657415696297344
57.91865329136113,24.98293671740147,HII_3097,6,254.005,66863058730966528,0.15643006538157972,True,good,66863058730966528
56.083825422425534,24.79593684028256,HII_314,6,253.962,69811639676769536,0.11004659843989706,True,good,69811639676769536
57.987052231275264,23.901705629797664,HII_3179,6,254.005,66471220274934272,0.18925562913470315,True,good,66471220274934272
56.169907504070515,24.818281940677046,HII_405,6,253.988,69811948914407168,0.19343385074533176,True,good,69811948914407168
56.23499997584878,24.43261110906833,HII_489,6,254.016,65295430026352512,0.7857421221026837,True,good,65295430026352512
56.2667928058901,25.257601972166732,HII_514,6,254.006,69840879814047872,0.17464322337538613,True,good,69840879814047872
56.31410790662829,25.28921837343055,HII_571,6,254.006,69864313155605120,0.24677309495321514,True,good,69864313155605120
56.41748301125796,24.627026629966053,HII_727,6,254.007,66802654309459712,0.04902966023925442,True,good,66802654309459712
56.42561190475926,24.905761759644655,HII_739,6,254.004,69816346960886784,0.11630899778043123,True,good,69816346960886784
56.541970715776635,23.33973124178768,HII_923,6,254.004,64971177174850304,0.23169534374076334,True,good,64971177174850304
56.5945303642974,24.56988084776331,HII_996,6,254.006,66788291938818304,0.2594163430209237,True,good,66788291938818304
34.353456760107846,28.741417493164015,HIP10679,6,514.08,107774198474602368,0.2300346834431669,True,good,107774198474602368
36.872298436983534,30.97319910223908,HIP11437,6,574.56,132362959259196032,0.07745054331454325,True,good,132362959259196032
106.58725956324956,-43.61069342617807,HIP34276,6,8799.752,5559301562234018560,0.03324742123190426,True,good,5559301562234018560
155.74191788063598,-66.90142324575172,HIP50847,7,5685.118,5245074230075552128,0.1697303173862519,True,good,5245074230075552128
179.79422532552348,-45.83227788082971,HIP58452,7,2902.246,5377909459643206144,0.2140524683587585,True,good,5377909459643206144
181.1881075571415,-59.25333133310307,HIP58901,7,3356.492,6071169133172136192,0.275145945439656,True,good,6071169133172136192
182.0214352619788,-50.66134453487449,HIP59173,7,2902.048,6126517517699891712,0.23261815986892936,True,good,6126517517699891712
183.78588352618743,-58.748993679568734,HIP59747,7,3356.493,6071060144089351808,0.24710140569295375,True,good,6071060144089351808
184.6088031423018,-64.0031251698245,HIP60009,7,3265.89,6053327426740164992,0.2542356748829193,True,good,6053327426740164992
185.7055266703342,-57.676206907481934,HIP60379,7,3265.775,6071548670839838848,0.26497155150101476,True,good,6071548670839838848
186.63202062229516,-51.450700512851746,HIP60710,7,3023.18,6077604196752635648,0.22167812462545022,True,good,6077604196752635648
187.0096058114364,-50.23071492159829,HIP60823,7,2902.17,6127435678627741824,0.23111803715430113,True,good,6127435678627741824
189.2951951858212,-69.13564358687562,HIP61585,7,3598.521,5855593454594292736,0.27824503512798315,True,good,5855593454594292736
190.7878834484057,-56.17630475907725,HIP62058,7,3265.8,6073260816590518656,0.23111293528683055,True,good,6073260816590518656
191.5942659991875,-56.48891080630394,HIP62327,7,3265.791,6061204980842862336,0.23532428512830916,True,good,6061204980842862336
191.92974873467313,-59.68887568086024,HIP62434,7,3447.178,,,False,good,
193.64807771296475,-57.17800667641195,HIP63003,7,3265.802,6060547163656965120,0.20668825363899718,True,good,6060547163656965120
193.6533534941721,-57.16873193073843,HIP63005,7,3265.805,6060547335455660032,0.20469661617998225,True,good,6060547335455660032
194.26782727001853,-51.19885346074661,HIP63210,7,3447.092,6081364732673284864,0.23225802487570446,True,good,6081364732673284864
196.56931584605124,-48.4633881679572,HIP63945,7,3265.669,6085229378603010688,0.22535372772909043,True,good,6085229378603010688
196.7274072957972,-49.90632250803614,HIP64004,7,3265.708,6081542475600377472,0.1758055065038644,True,good,6081542475600377472
200.1572892888835,-52.74792953113522,HIP65112,7,3447.085,6068270408181443712,0.23546517961507313,True,good,6068270408181443712
204.3475627873153,-46.42800535591175,HIP66454,7,2902.849,6084002083108541952,0.22771843107794787,True,good,6084002083108541952
207.37592314553115,-41.68783990850871,HIP67464,7,2721.419,6112195451032545024,0.23819656325491106,True,good,6112195451032545024
207.95641166809523,-32.99426653557702,HIP67669,7,5715.195,6170485544575679104,0.2868549966023206,True,good,6170485544575679104
208.01985152966108,-52.81170159775363,HIP67703,7,3447.002,6065984557860591360,0.32503654445782865,True,good,6065984557860591360
209.5675825836743,-42.10088443133623,HIP68245,7,2902.875,6110381256839901440,0.19825139350712537,True,good,6110381256839901440
209.66953891302103,-44.80373139506067,HIP68282,7,2902.839,6107651444350934400,0.2727917104987617,True,good,6107651444350934400
211.51134036792595,-41.17977347366168,HIP68862,7,2721.443,6110115278109271808,0.2341462628240383,True,good,6110115278109271808
211.91970004761512,-48.70421070036508,HIP69011,7,2902.777,6091088744790298624,0.31723053421298225,True,good,6091088744790298624
213.73779657818343,-57.08625579704476,HIP69618,7,7768.692,5892241070506893312,0.21468896627651426,True,good,5892241070506893312
215.7591313162819,-39.511959690293295,HIP70300,7,2922.992,6116497702589633152,0.2373041350903299,True,good,6116497702589633152
216.7076348276641,-39.87412049090196,HIP70626,7,2923.0,6104499385029860864,0.20478202668129034,True,good,6104499385029860864
218.87647113446528,-42.15803491867156,HIP71352,7,3023.676,,,False,good,
218.88098014594024,-41.51757919453305,HIP71353,7,2922.969,6103196395033219584,0.20924802500948408,True,good,6103196395033219584
219.4714980423447,-49.42600853355651,HIP71536,7,2903.039,5899408305748518528,0.26083106934452727,True,good,5899408305748518528
220.48211914614603,-47.388347557644735,HIP71860,7,2842.559,5905821894507108864,0.28493980735391544,True,good,5905821894507108864
220.48972189594775,-37.79369499526555,HIP71865,7,2872.538,6105713692544123520,0.2921121773218635,True,good,6105713692544123520
225.74682808515996,-32.64343397001894,HIP73624,7,4111.467,6204661767584359296,0.215779243548971,True,good,6204661767584359296
227.1631428228322,-42.868059240735874,HIP74100,7,3023.859,6003713579391234048,0.2060026487002545,True,good,6003713579391234048
228.2064163927412,-44.50055110462338,HIP74449,7,3023.863,6003314456673154048,0.21653479448568855,True,good,6003314456673154048
230.3428986843331,-40.64764102111273,HIP75141,7,2923.067,6005678131793146752,0.13437402420753564,True,good,6005678131793146752
230.7888143519164,-36.85861876977909,HIP75304,7,2872.682,6007671683806540288,0.19123007637926462,True,good,6007671683806540288
231.8253873192259,-36.76770917139252,HIP75647,7,2872.668,6013454393412480384,0.2109819365168843,True,good,6013454393412480384
232.95915821171948,-32.88125802840177,HIP76048,7,4111.635,6206717510730403840,0.20002017252565107,True,good,6206717510730403840
234.66387821139125,-29.77790695757104,HIP76600,7,4111.375,6209215257553893760,0.27073349149271086,True,good,6209215257553893760
237.52921985662917,-53.21001763553846,HIP77562,7,3810.185,5885063321137593216,0.324939727969884,True,good,5885063321137593216
239.22103643855817,-29.214233549157314,HIP78104,7,4383.059,6041076668127513984,0.21855008177333285,True,good,6041076668127513984
239.4185313976028,-20.98321839950727,HIP78168,7,3729.414,6246704687050868096,0.17273930688016342,True,good,6246704687050868096
240.03039423734637,-38.396884233829205,HIP78384,7,2781.968,5998019895874780928,0.2361008673768303,True,good,5998019895874780928
240.85064511307624,-38.60272595822904,HIP78655,7,2781.96,5997906921059778688,0.2474987776594503,True,good,5997906921059778688
241.64795494056267,-36.802474093531295,HIP78918,7,2661.004,5998676819707873408,0.25170963132580476,True,good,5998676819707873408
241.70171764751393,-20.66934396742801,HIP78933,7,3729.405,6244010505608714368,0.18322802185215106,True,good,6244010505608714368
241.81214573761065,-17.936176348537657,HIP78968,7,3729.415,6249186662749340544,0.16851360370148116,True,good,6249186662749340544
242.01811136516332,-36.232008109738416,HIP79044,7,2661.016,5998762478537677568,0.22324979707060527,True,good,5998762478537677568
243.0757793478339,-27.92652868163885,HIP79404,7,4383.321,6042226413691523712,0.16603719482579243,True,good,6042226413691523712
246.7559431770866,-18.456385123218077,HIP80569,7,3729.44,4323764712422936704,0.13712768212503815,True,good,4323764712422936704
247.8454613594907,-34.70448175972624,HIP80911,7,4836.557,6023633156682206720,0.15747262306962606,True,good,6023633156682206720
248.97056600487855,-28.21616473014445,HIP81266,7,4383.432,6044420729667868928,0.1830114689626845,True,good,6044420729667868928
249.60945491030012,-43.39855584782429,HIP81472,7,5047.875,5944376407189911296,0.16291282917268277,True,good,5944376407189911296
251.17736844716796,-40.83981406567433,HIP81972,7,4816.066,5968351361342059264,0.17429591343088569,True,good,5968351361342059264
252.96753337882944,-38.04751698679284,HIP82514,7,4746.256,5971289565647972608,0.14917833050444906,True,good,5971289565647972608
253.08384996098852,-38.017684565199175,HIP82545,7,4745.405,5971244451311982336,0.18179254784474058,True,good,5971244451311982336
53.53058310956668,24.34419991730932,HIP_16639,6,254.004,68097020012324352,0.17042841505742248,True,good,68097020012324352
53.88219807101051,22.82333985540351,HIP_16753,6,254.003,67618285777617664,0.19837255796087433,True,good,67618285777617664
54.59420643913845,22.499451081958863,HIP_16979,6,254.005,64671903852618624,0.12902847816016977,True,good,64671903852618624
54.73706915689979,24.569557151581364,HIP_17020,6,254.005,68444878003882240,0.23992041218653304,True,good,68444878003882240
54.80628630420291,24.466287076791183,HIP_17044,6,254.001,68254245878512384,0.22022257174870355,True,good,68254245878512384
55.012974749859794,27.740252122563422,HIP_17125,6,254.001,71371262561007232,0.2478236256798879,True,good,71371262561007232
55.40077356505841,25.61905295405064,HIP_17245,6,254.002,70108473456817280,0.28650871790238197,True,good,70108473456817280
55.60012868737936,21.473233512504603,HIP_17316,6,254.003,64317998547641344,0.22950837570730634,True,good,64317998547641344
55.60021258799999,22.42090050264444,HIP_17317,6,254.003,64449729487990912,0.15621850464588127,True,good,64449729487990912
58.00344321807036,19.596608772973863,HIP_18091,6,254.004,50905056201179520,0.24932481789345948,True,good,50905056201179520
59.507180596944394,20.6765249521976,HIP_18544,6,254.002,51452750431129600,0.21872086733236348,True,good,51452750431129600
60.93417230803583,22.944021286575456,HIP_18955,6,254.004,53783852522073856,0.2693665433712849,True,good,53783852522073856
84.04301262847838,-28.708025005420872,HIP_26309,6,2207.52,2907397747897070336,0.04188822237715207,True,good,2907397747897070336
84.41522177956512,-28.62631148593612,HIP_26453,6,2207.52,2907308172059100544,0.043905684020594936,True,good,2907308172059100544
85.84037299658495,-18.55752829751107,HIP_26966,6,2147.04,2967287596507432704,0.051723361314949985,True,good,2967287596507432704
113.94750061278376,-32.203609404971786,HIP_36948,6,3775.066,5592237639209047424,0.16533446651553713,True,good,5592237639209047424
1.469440138553176,-41.753362249066235,HIP_490,6,2237.76,4995853014646189696,0.26973477199259616,True,good,4995853014646189696
173.94446971533924,-63.01991774578703,HIP_56561,6,362.88,5333974693006467328,0.8748772991685377,True,good,5333974693006467328
176.43596710431382,-52.690657594633834,HIP_57375,6,332.64,5368668373660159360,0.9361407785180782,True,good,5368668373660159360
178.93073907038186,-54.18079695612479,HIP_58167,6,332.64,5344333501282921216,0.9439934637382685,True,good,5344333501282921216
179.84807874438872,-57.168095234635125,HIP_58465,6,332.64,5343524947923387520,1.0077590352246195,True,questionable,5343524947923387520
180.46043263646996,-73.29860531187184,HIP_58674,6,423.36,5842370177975637888,0.8595201750363601,True,good,5842370177975637888
181.06898910086696,-51.47262831684334,HIP_58859,6,332.64,6126340152734132864,0.8792953704306352,True,good,6126340152734132864
182.67455272886016,-56.44244849649517,HIP_59360,6,332.64,6072502531530961664,0.9317666601063735,True,good,6072502531530961664
182.8111250933849,-52.21766454522441,HIP_59413,6,332.64,6125358151409872256,0.8452846159732373,True,good,6125358151409872256
183.04176288058423,-63.45422782390693,HIP_59502,6,362.88,,,False,good,
184.7732379359976,-33.745479957612915,HIP_60072,6,302.4,3468184721426903936,0.5569563137670736,True,good,3468184721426903936
184.8187193327976,-47.83014401920909,HIP_60084,6,332.64,6130406279862056960,0.7387287092475863,True,good,6130406279862056960
185.11641712878853,-65.84278939906088,HIP_60183,6,381.024,,,False,good,
185.9248442898071,-63.87019808035157,HIP_60459,6,362.88,6053693083047384576,0.9588094766964744,True,good,6053693083047384576
186.2147815335562,-72.6040150871689,HIP_60561,6,423.36,,,False,good,
187.0792666268442,-64.34111685014332,HIP_60851,6,362.88,6053440057962585984,0.9818363008059738,True,good,6053440057962585984
187.5721727384804,-72.98536206714121,HIP_61017,6,423.36,,,False,good,
188.3001927352223,-52.08298542960071,HIP_61257,6,332.64,6078777306935807616,0.8507489296264273,True,good,6078777306935807616
189.52947126494357,-55.9313796951096,HIP_61639_A,6,362.822,6073430622416839296,0.9901861568820969,True,good,6073430622416839296
190.6125166107024,-61.01864759340267,HIP_62002,6,362.88,6056324729772558080,0.9387661965297791,True,good,6056324729772558080
191.00745821262095,-53.50584588714327,HIP_62134,6,332.64,6075075594872297216,0.8359145835372767,True,good,6075075594872297216
191.0797389752826,-61.52558719181241,HIP_62154_B,6,362.88,6055497587763327872,0.549578863818126,True,good,6055497587763327872
191.14502305968455,-57.2871004721771,HIP_62179,6,362.826,6060946629972802944,0.9363533349377843,True,good,6060946629972802944
191.79784937185696,-61.22362407195845,HIP_62391,6,362.88,6055601938300689664,0.5111268486219973,True,good,6055601938300689664
191.91260035818695,-58.29773788147397,HIP_62428,6,362.826,6060057503020288640,0.9301047203445529,True,good,6060057503020288640
192.0690873064273,-67.1312872411133,HIP_62482,6,635.04,5858152189941308544,0.0954434756171032,True,good,5858152189941308544
192.58193539270823,-49.86366344001917,HIP_62657,6,544.32,6079490168425944448,0.05955677280027558,True,good,6079490168425944448
194.99933767045863,-50.389627980336186,HIP_63439,6,544.32,6084425360726815360,0.08260862491939508,True,good,6084425360726815360
196.3855734953914,-58.53560759065428,HIP_63886,6,635.04,6057045425291352704,0.12215736257467953,True,good,6057045425291352704
197.74281142377535,-52.56710451734299,HIP_64320,6,362.822,6080068545902295040,0.9922612014337903,True,good,6080068545902295040
198.66596891662343,-46.8577308779112,HIP_64617,6,332.64,6085470137290434304,0.7611092213532084,True,good,6085470137290434304
199.52078092778876,-44.055612199184786,HIP_64892,6,332.64,6088264477373916032,0.9177938922063642,True,good,6088264477373916032
199.60323818522588,-45.76487208647587,HIP_64925,6,332.64,6087790141185325440,0.9124897596741558,True,good,6087790141185325440
200.35748704727317,-43.634522292777994,HIP_65178,6,332.64,6088297737601081856,0.8488264913268867,True,good,6088297737601081856
200.4874976881987,-51.282447306941336,HIP_65219,6,362.83,6080612151322801024,0.8607049234879869,True,good,6080612151322801024
201.0354566691719,-53.79327129769264,HIP_65394,6,362.835,6067363547301705856,0.7706321690509109,True,good,6067363547301705856
201.1497812329388,-51.504673904063054,HIP_65426,6,362.823,6070080754075553792,0.98425186020484,True,good,6070080754075553792
204.94003207914085,-54.14834177515377,HIP_66651,6,362.835,6065465416585525504,0.7833913264743607,True,good,6065465416585525504
205.15644384560784,-44.330457038333286,HIP_66722,6,332.64,6108518340549366656,0.8404650753500139,True,good,6108518340549366656
206.06615915323488,-51.01266928029477,HIP_67036,6,332.64,6069592570910476288,0.86150232096915,True,good,6069592570910476288
206.79346736125305,-52.269455565394,HIP_67260,6,332.64,6066280292134950528,0.8384121768551815,True,good,6066280292134950528
208.8000519805534,-52.16106656447774,HIP_67973,6,332.64,6090072894822497280,0.9052195244829436,True,good,6090072894822497280
209.08264388378,-54.13266206471071,HIP_68080_A,6,332.64,6064911571962616576,0.871639267657783,True,good,6064911571962616576
210.4399370360211,-39.43889738748556,HIP_68532,6,302.4,,,False,good,
211.53394789054803,-44.68930515637821,HIP_68867,6,332.64,6097178316916151680,0.7451241418254382,True,good,6097178316916151680
212.21587207463432,-43.47097875990548,HIP_69113,6,332.64,6097682722176452992,0.673899544584357,True,good,6097682722176452992
212.7699135065652,-49.27339478674966,HIP_69302,6,332.64,6090816856182034944,0.8244957675480571,True,good,6090816856182034944
213.3494457579002,-33.51853153123289,HIP_69475,6,302.4,6123156718663843456,0.8257473257874905,True,good,6123156718663843456
213.68926824550755,-38.38140880131489,HIP_69605,6,302.4,6117585222671394304,0.6904941180022217,True,good,6117585222671394304
216.49347317818123,-44.82333482398775,HIP_70558,6,453.529,6099380711729024512,0.6607094965562018,True,good,6099380711729024512
216.87631184811505,-52.52538043290157,HIP_70689,6,332.64,5897858715909881472,0.9304253034462053,True,good,5897858715909881472
216.8896020149681,-46.21375674255531,HIP_70697,6,453.518,6093018284617037696,0.7675279208716799,True,good,6093018284617037696
217.2158416673948,-47.99232340118639,HIP_70809,6,453.511,6091918635553456384,0.8300157820829616,True,good,6091918635553456384
217.4927244450192,-56.13146226703689,HIP_70904,6,332.64,5892612705441275904,0.7257972874836699,True,good,5892612705441275904
217.54111481259704,-43.86414523644052,HIP_70918,6,453.503,6099546222588603392,0.9067972057711394,True,good,6099546222588603392
217.80960502886705,-40.65618091338374,HIP_70998,6,393.05,6103487696893845760,0.7533886175426354,True,good,6103487696893845760
217.88876747939267,-44.750751719160085,HIP_71023,6,453.52,6099244166127449984,0.7487977713125807,True,good,6099244166127449984
218.2374372350181,-42.405692182179415,HIP_71140,6,423.285,6103008619062376192,0.7563937865836781,True,good,6103008619062376192
218.77189265348784,-43.55480395698783,HIP_71321,6,423.276,6099886349638035456,0.8455709209285082,True,good,6099886349638035456
220.02057382119312,-40.90090994364703,HIP_71708,6,362.816,6104771514158903680,0.7475596364957142,True,good,6104771514158903680
220.07993555119273,-45.79409369196282,HIP_71727,6,423.282,6098521615193343872,0.7853369858119366,True,good,6098521615193343872
221.12890952383756,-39.98914413312619,HIP_72070,6,635.04,6102199477284607872,0.11813921905494601,True,good,6102199477284607872
222.6270803393236,-35.09358220254795,HIP_72584,6,362.853,6203184676791371520,0.668886820811967,True,good,6203184676791371520
222.7442974480201,-42.82278435757471,HIP_72627,6,423.283,6100404013458686592,0.7755463910125461,True,good,6100404013458686592
223.6050309345577,-34.1431386002041,HIP_72940_A,6,362.835,,,False,good,
223.7266606606069,-36.43067196342231,HIP_72984,6,362.844,6202077468582644224,0.8884316758611149,True,good,6202077468582644224
224.22683997269553,-35.6955573655248,HIP_73145,6,635.04,6202242567124829312,0.07617761587802062,True,good,6202242567124829312
224.97728263907072,-46.2481837052248,HIP_73393,6,332.64,5906901649285722880,0.7880955790711601,True,good,5906901649285722880
225.491636876399,-34.359154016339524,HIP_73559,6,362.843,6203928736924721152,0.9091890625055525,True,good,6203928736924721152
226.57445002030695,-35.40643114915903,HIP_73913,6,362.851,6200763071150235520,0.7067049115990649,True,good,6200763071150235520
226.8118768684708,-29.504814099009177,HIP_73990,6,362.839,6212050520082538880,1.0015943039399862,True,questionable,6212050520082538880
227.05008386142237,-40.58429238349555,HIP_74066,6,483.724,,,False,good,
227.17679003687684,-44.48479966305344,HIP_74104,6,332.64,5907308051965769216,0.7522410072890044,True,good,5907308051965769216
228.2541910737391,-37.24694843611664,HIP_74468_A,6,483.757,6199429191749977344,0.7652589291976779,True,good,6199429191749977344
228.36638407270615,-33.147386766236956,HIP_74499,6,635.04,6207388934376629504,0.05930501771508169,True,good,6207388934376629504
228.44195944442785,-23.541098160963617,HIP_74529,6,574.538,6228086897177603072,0.6531377784287437,True,good,6228086897177603072
228.83152864690285,-44.149742296083915,HIP_74657,6,332.64,6000437721938768768,0.735346460375304,True,good,6000437721938768768
229.15444248649976,-42.37046845038597,HIP_74752,6,483.744,6003973132857328256,0.8878926951617201,True,good,6003973132857328256
229.29432189144305,-34.57733360095267,HIP_74797,6,483.756,6200310514738629504,0.7730441908541326,True,good,6200310514738629504
229.7724622700628,-36.36237934070284,HIP_74959,6,635.04,6199818655082933504,0.06366703077945829,True,good,6199818655082933504
229.8428187964182,-34.03269588338645,HIP_74985,6,483.767,6206353400582522496,0.6723565195866886,True,good,6206353400582522496
230.05548870560884,-34.925732732213554,HIP_75056,6,483.746,6206053714943873408,0.8641930691896536,True,good,6206053714943873408
230.1305849716287,-28.287432733914475,HIP_75077,6,302.4,6213115122214516608,0.95624080006183,True,good,6213115122214516608
230.3751000622217,-38.21895288690405,HIP_75151,6,483.756,6007264520906861824,0.7750325296602153,True,good,6007264520906861824
231.3165887801079,-38.1581584735262,HIP_75491,6,483.757,6006528432234422272,0.765750485112462,True,good,6006528432234422272
231.37536954894185,-36.199723879563855,HIP_75509,6,483.743,6013716695655007488,0.8931261800143538,True,good,6013716695655007488
232.38726104883452,-57.24799126892736,HIP_75843,6,362.88,5883029190270021248,1.0172673425725605,True,questionable,5883029190270021248
233.0249218060202,-69.17361215134632,HIP_76067,6,393.12,5820170866424334592,0.6698940965049506,True,good,5820170866424334592
233.0428825642959,-21.967052768153977,HIP_76071,6,574.539,6251762646696466688,0.6000452309985641,True,good,6251762646696466688
233.08364158961305,-31.143009570072245,HIP_76084,6,302.4,6208562250724337152,0.7510119539593878,True,good,6208562250724337152
233.58647233368993,-39.349624659031115,HIP_76234,6,483.715,,,False,good,
233.81702078231984,-25.734267493593777,HIP_76310,6,846.716,6237729751586459392,0.011151878564576946,True,good,6237729751586459392
234.63569989503245,-39.16096993978921,HIP_76591,6,483.756,6009052258106701312,0.7771779508679099,True,good,6009052258106701312
234.75006006785512,-19.732764933343596,HIP_76633,6,514.062,6253938511486847360,0.591975425352215,True,good,6253938511486847360
236.09419699362928,-41.81941429428824,HIP_77086_A,6,483.748,6001797749105673600,0.852099819805788,True,good,6001797749105673600
236.25003635667187,-59.12423807892405,HIP_77140,6,362.88,5834207266301544704,0.9827957468461598,True,good,5834207266301544704
236.27627943136497,-35.102229996019425,HIP_77150,6,302.4,6014590429436561920,0.8113917620908793,True,good,6014590429436561920
236.71494838449385,-36.9371149287469,HIP_77295,6,302.4,6009732271682211328,0.7127721515440073,True,good,6009732271682211328
236.7682839781811,-35.51062517302997,HIP_77315,6,302.4,6011560755211555968,0.7966256702327735,True,good,6011560755211555968
236.7754298291044,-35.51832310401847,HIP_77317,6,302.4,6011549008483608192,0.7862475228045234,True,good,6011549008483608192
236.8469415437416,-25.86802026899776,HIP_77347,6,302.4,6234897925031130624,0.8541145357137877,True,good,6234897925031130624
237.01348716117352,-25.21590593290904,HIP_77399,6,302.4,6236641647392716544,0.8885191755167857,True,good,6236641647392716544
237.49895476815024,-25.15125219588352,HIP_77545,6,302.4,6236447239996343424,0.6526655829292755,True,good,6236447239996343424
238.17868012338823,-27.090905124844458,HIP_77766,6,302.4,6233808785747677824,0.6962113820374091,True,good,6233808785747677824
238.34121486200252,-21.97157514206954,HIP_77815,6,272.121,6240546906538196352,0.691458651471744,True,good,6240546906538196352
238.6732567157593,-22.766340311111787,HIP_77911,6,846.717,6237422850406493952,0.05473173483318158,True,good,6237422850406493952
238.82303193122303,-23.368029165254985,HIP_77960,6,272.112,6237252529178696960,0.8460474558259231,True,good,6237252529178696960
239.02335957887533,-36.89296095891563,HIP_78043,6,635.04,6010483822238426240,0.11413184685169875,True,good,6010483822238426240
239.19923776777372,-23.184351617246943,HIP_78099,6,272.121,6237347499499399808,0.6883147421329102,True,good,6237347499499399808
239.36845446374417,-50.270022878482926,HIP_78150_A,6,332.64,5982616493898390272,0.9650330418364523,True,good,5982616493898390272
239.49707726603003,-31.729224112442004,HIP_78196,6,302.4,6039491481598054528,0.7431596164515832,True,good,6039491481598054528
239.70870077731195,-32.05262679574976,HIP_78263,6,302.4,6039375105164274176,0.8046929580632636,True,good,6039375105164274176
240.48091128642457,-21.980663606739608,HIP_78530,6,272.122,6243537406369453824,0.6789208855479419,True,good,6243537406369453824
240.55632477200083,-22.687829725257107,HIP_78549,6,272.122,6243172677747745664,0.676185347805548,True,good,6243172677747745664
240.57695921615473,-35.2702680755888,HIP_78555,6,302.4,6011053953378953472,0.8483686212634546,True,good,6011053953378953472
241.00086902643636,-19.76772593249595,HIP_78702,6,272.126,6247220598515630080,0.6006039866550806,True,good,6247220598515630080
241.18512578379455,-39.43496108474168,HIP_78756_A,6,302.4,5997809579916196608,0.7792542847875317,True,good,5997809579916196608
241.32965282208252,-23.669396308697923,HIP_78809,6,272.122,6242281386125096960,0.662745537429207,True,good,6242281386125096960
241.44256909844208,-39.84364802706994,HIP_78853,6,302.4,5996941824729995392,0.8442778480886066,True,good,5996941824729995392
241.7413064412236,-27.71965541181774,HIP_78943_A,6,483.708,6042124910722287744,0.6909841004219309,True,good,6042124910722287744
241.7693479056038,-16.94349611922991,HIP_78956,6,272.128,6250058644192754944,0.5706147832350906,True,good,6250058644192754944
241.8121014647686,-17.93628341702834,HIP_78968,6,272.127,6249186662749340544,0.5826784267436087,True,good,6249186662749340544
241.8745591203028,-23.95096303236254,HIP_78996,6,272.122,6242094640953591808,0.6759208326964424,True,good,6242094640953591808
242.2607456568445,-18.995843610882748,HIP_79124,6,272.124,6248783275121192704,0.6401137081459929,True,good,6248783275121192704
242.3369375093355,-19.45747768036269,HIP_79156,6,272.125,6245732753128416000,0.6207347836593129,True,good,6245732753128416000
242.6054150335657,-23.106849154181067,HIP_79250,6,272.109,6242242216028893568,0.909611412781062,True,good,6242242216028893568
242.72955948201164,-25.52278642178355,HIP_79288,6,846.717,6043530778077991040,0.06971943039810792,True,good,6043530778077991040
242.96928974434695,-22.54531398096367,HIP_79366,6,272.122,6242650611580734976,0.6636171347923311,True,good,6242650611580734976
242.98120629253444,-21.105271925302787,HIP_79369,6,272.124,6243102137199552256,0.6415043884774355,True,good,6243102137199552256
243.02452664104212,-23.24598901896833,HIP_79383,6,272.122,6242180368499938816,0.6717454394094056,True,good,6242180368499938816
243.09085876914796,-19.57932221523512,HIP_79410,6,272.123,6245692620954228864,0.649949623052907,True,good,6245692620954228864
243.18366895809604,-19.503156612791827,HIP_79439,6,272.123,6245694751258010752,0.6448015205233568,True,good,6245694751258010752
243.39294245344655,-45.81779702137611,HIP_79516,6,635.04,5990267273750368768,0.13955771329939537,True,good,5990267273750368768
243.43945507437397,-24.422313183142155,HIP_79530,6,483.736,6049891517263095168,0.5438180026462903,True,good,6049891517263095168
243.72248984777616,-25.47721087273309,HIP_79622,6,483.727,6049497999479270272,0.5874949954130655,True,good,6049497999479270272
244.1181238517845,-38.736884876909585,HIP_79742,6,635.04,5997300987069075968,0.0712213348690629,True,good,5997300987069075968
244.21078707504637,-25.86324080851411,HIP_79771_A,6,483.714,6048675908377862528,0.6567261613644084,True,good,6048675908377862528
244.22231581241363,-23.11074713681596,HIP_79779,6,483.72,6050372626620551552,0.6255739836549993,True,good,6050372626620551552
244.24467073710753,-21.304425683035035,HIP_79785,6,272.117,6244336167204228224,0.7537358217901998,True,good,6244336167204228224
244.56718663396177,-28.041996399188477,HIP_79878,6,483.707,6039266287870021248,0.6947910100568003,True,good,6039266287870021248
244.61759378349757,-23.27460101160098,HIP_79897,6,483.702,6050352663615400320,0.7176295480610784,True,good,6050352663615400320
244.87179741589745,-21.403791665845993,HIP_79977,6,846.717,6244295760151546624,0.05272074541192237,True,good,6244295760151546624
245.02274475021068,-20.056681546706116,HIP_80024,6,272.121,6244725050721030528,0.6918782978068683,True,good,6244725050721030528
245.11705058449695,-21.509318910981033,HIP_80059,6,272.119,6244280229549582080,0.7249517273282712,True,good,6244280229549582080
245.20926724722847,-22.59419302011549,HIP_80088,6,846.717,6050496459111584384,0.06884467883497315,True,good,6050496459111584384
245.6529744695019,-24.38327890141391,HIP_80224,6,483.707,6049246864148370176,0.6962339803376356,True,good,6049246864148370176
245.94642144649455,-26.27129063292245,HIP_80311,6,483.729,6045505569684851456,0.5813981282385459,True,good,6045505569684851456
246.24633430329192,-25.355285659232116,HIP_80425,6,483.71,6048951366100474368,0.6839425756400633,True,good,6048951366100474368
249.11929041172272,-40.303271061778666,HIP_81316,6,392.999,5969328827161775104,0.6063319303862306,True,good,5969328827161775104
249.628737310784,-39.15257189442737,HIP_81477,6,392.997,6017520318720281216,0.6166646178936518,True,good,6017520318720281216
250.46650020198717,-40.4664785724965,HIP_81751,6,392.997,5969081333984323584,0.6153014293907617,True,good,5969081333984323584
251.45169463859835,-26.64977939895189,HIP_82069,6,302.4,6034203689675848960,0.9244370243398123,True,good,6034203689675848960
252.68948658318664,-38.256678241754344,HIP_82430,6,392.992,5970906347133209216,0.6456956417711419,True,good,5970906347133209216
253.10372345286328,-37.60770862832617,HIP_82551,6,392.994,5971324234618260608,0.6335310640472561,True,good,5971324234618260608
253.1327132725387,-42.99207491957616,HIP_82560,6,411.125,5964856323071807360,0.6677432300394619,True,good,5964856323071807360
253.6868253773103,-36.888607988281784,HIP_82747,6,635.04,5971474902099064576,0.04086767365852408,True,good,5971474902099064576
256.0033137049759,-25.698261509442137,HIP_83508,6,302.4,4112215960860030592,0.5937873867716198,True,good,4112215960860030592
256.5840148949241,-37.22787541473048,HIP_83693,6,392.99,5976498948652231296,0.6522325118836111,True,good,5976498948652231296
259.4146306916069,-26.62929231884456,HIP_84605_A,6,302.4,4109018477995907840,0.610118255867266,True,good,4109018477995907840
260.21082564913075,-45.420988516329984,HIP_84881,6,635.04,5952702871347477120,0.08639089288246556,True,good,5952702871347477120
261.37344909520255,-29.670929714718977,HIP_85278,6,302.4,4059451841000300544,0.5655012439227042,True,good,4059451841000300544
261.73026319891727,-25.94378752697654,HIP_85391,6,302.4,4109768482338921728,0.7587170864898478,True,good,4109768482338921728
262.93485443294446,-26.269980707786527,HIP_85783,6,302.4,4061669281025139840,0.5979335749851834,True,good,4061669281025139840
263.10248326271386,-34.27978777500795,HIP_85839,6,302.4,4053610715449004032,0.873183407976691,True,good,4053610715449004032
263.9292657161715,-37.44026009885202,HIP_86098,6,302.4,5962524018444665216,0.937253881767248,True,good,5962524018444665216
266.1887003142362,-39.848759254719184,HIP_86853,6,302.4,5958109681059207680,0.7737477856543312,True,good,5958109681059207680
266.7802245891834,-38.112491914188354,HIP_87042,6,302.4,4039804495898692864,0.7613172562752464,True,good,4039804495898692864
269.0051723492074,-33.62840402009103,HIP_87791,6,302.4,4043145976097452288,0.7148818925248549,True,good,4043145976097452288
269.42040473018346,-39.10206263514151,HIP_87924,6,302.4,4036505651808325120,0.5915487855341314,True,good,4036505651808325120
270.7642401623534,-51.649350976447145,HIP_88399,6,2147.04,6702775135228913280,0.15271189541652774,True,good,6702775135228913280
281.36237892978755,-64.8718257671484,HIP_92024,6,4550.43,6438274350302427776,0.3636889480957326,True,good,6438274350302427776
290.71353093534265,-54.424253001621295,HIP_95261,6,3382.707,6643602576214115584,0.17049728658702856,True,good,6643602576214115584
290.7457587896232,-54.53837034724608,HIP_95270,6,2147.04,6643589352010758400,0.16718506844317926,True,good,6643589352010758400
302.27190107775374,-26.22430469075229,HIP_99273,6,1360.8,6847146784384459648,0.1419308780192213,True,good,6847146784384459648
189.00393751908928,-39.869629007166715,HR4796,9,3507.831,6147117727029871360,0.12461470075855975,True,good,6147117727029871360
49.57036092993213,-62.50247888545035,HR_1010,7,14313.481,,,False,good,
189.0039145304922,-39.86963544463171,HR_4796,6,786.24,6147117727029871360,0.19159713656043523,True,good,6147117727029871360
346.8701293605893,21.13404421963346,HR_8799,6,12093.117,2832463659640297472,0.12872661854917672,True,good,2832463659640297472
129.2832500000173,-39.41816667000125,Hen_2-11,6,2449.44,,,False,good,
53.074712499975206,30.82992222222461,IRAS_03292+3039,6,2116.8,,,False,good,
36.73745088094933,-53.45109295257812,J02265658-5327032,7,907.2,,,False,good,
71.64233953120552,-26.465814122053764,J0446AB,7,1572.48,4881308710764495744,0.7423383022284208,True,good,4881308710764495744
72.09466696773775,29.772828077937103,J04482274+2946227,7,393.12,158401834147095680,0.45991680672968704,True,good,158401834147095680
73.90387485939952,30.298550300162955,J04553695+3017553,7,393.12,156900622818205312,0.5886563760967642,True,good,156900622818205312
74.00829148145392,30.350883633491247,J04560201+3021037,7,393.12,156902512603777408,0.5683743130958111,True,good,156902512603777408
77.03392082541752,24.45402252230613,J05080816+2427150,7,332.64,3419115128091798272,0.40663536064771333,True,good,3419115128091798272
108.02716387810162,-47.878448134741014,J071206,7,2298.24,5508896788120942848,0.10942028210994462,True,good,5508896788120942848
147.25239724832667,-71.63399784104902,J0949AB,7,3567.961,5218453026345066368,0.9825723850670194,True,good,5218453026345066368
336.9296939728347,16.732220402692413,J222743,7,3326.396,,,False,good,
355.10263917187893,44.33384966568218,Kappa_and,6,393.12,1926476042681491712,0.0684175485467525,True,good,1926476042681491712
72.00374709239522,14.66576103955548,LDS_5606_A,7,1481.76,3308700559817832576,0.7477530382497903,True,good,3308700559817832576
72.01090638011046,14.664020665129364,LDS_5606_B,7,4224.286,3308700559817832064,0.32696535364897794,True,good,3308700559817832064
11.248973772003824,-15.274728545341633,LHS_1140,6,12984.876,,,False,good,
35.861553238148886,22.734622959787373,LP_353-51,7,1511.999,101612981989146752,0.3581116104332459,True,good,101612981989146752
75.49510924941777,9.982582653972258,LP_476-207,7,1028.16,3291643148740384128,0.23358788910020795,True,good,3291643148740384128
213.57020180376796,-15.35448499105618,L_836-122,7,876.96,6298167942962279680,0.4077535004038113,True,good,6298167942962279680
153.57911847381592,21.074082663253545,MCC_124,7,1300.32,628827128175694976,0.5374866506907813,True,good,628827128175694976
200.5307271240111,-69.63685196105556,MP_Mus,7,362.88,5844296281847839232,0.2910546406275667,True,good,5844296281847839232
234.51092493417687,-38.123226511921594,MTLup,7,1982.979,6009423961749024384,0.10639163231660957,True,good,6009423961749024384
310.46488563069255,-32.43758817769116,NAME_AT_Mic_AB,7,876.96,6792436799477051904,0.5382037299409347,True,good,6792436799477051904
238.23378230939565,12.912146758144893,NN_Ser,4,8074.076,1191504471436192512,0.38578690454650044,True,good,1191504471436192512
283.2746003206432,-50.18091220652739,PZ_tel,6,453.6,6655168686921108864,0.03794769395593939,True,good,6655168686921108864
217.38943084392469,-62.675964260824344,Proxima_Centauri,6,5624.011,,,False,good,
235.17140718953684,-37.93862741935923,RXJ1540.7-3756,7,1982.675,6009405682367793920,0.10566151720607239,True,good,6009405682367793920
235.7759146420972,-39.33885323596136,RXJ1543.1-3920,7,1982.904,6008319674120129792,0.07954388829702809,True,good,6008319674120129792
34.48363680200914,12.423782803532983,RX_J0217.9+1225,7,1058.4,73034991155555456,0.14086431442843872,True,good,73034991155555456
17.42540554649905,27.950456119551284,RZ_Psc,6,4318.264,307981178401165184,0.1720818136999327,True,good,307981178401165184
208.84964512769653,8.945932780924569,SDSS_J135523.92+085645.4,6,2661.12,3721943209023827456,0.12797522084572355,True,good,3721943209023827456
212.89458749998127,10.477716670001064,SDSS_J141134.70+102839.7,6,2721.6,1225280059889037440,0.1399265596052602,True,good,1225280059889037440
219.9484583300016,-1.101911856558432,SDSS_J143947.62-010606.7,6,2540.16,3649832043858197376,0.1456657171518056,True,good,3649832043858197376
235.1592517138224,-34.36030586571644,SSTc2dJ154038.3-342137,7,2030.736,6014916086743891584,0.14743872709275543,True,good,6014916086743891584
236.67157324676157,-36.31330703189302,SSTc2dJ154641.2-361848,7,1982.823,6009975332460963840,0.09279994647912185,True,good,6009975332460963840
237.49660682887475,-36.499431068163695,SSTc2dJ154959.2-362958,7,1982.769,6011259699490841856,0.09778534656241421,True,good,6011259699490841856
238.08121230013924,-38.32554063404305,SSTc2dJ155219.5-381932,7,1982.64,6008633614741443968,0.10996328728035555,True,good,6008633614741443968
238.8591355820652,-33.63996108065855,SSTc2dJ155526.2-333823,7,1982.701,6012244273489826560,0.1088965241123774,True,good,6012244273489826560
238.89069895481177,-37.16154668584218,SSTc2dJ155533.8-370941,7,1958.556,6010385759547596672,0.09988773323723245,True,good,6010385759547596672
240.49647416394,-36.215591981360895,SSTc2dJ160159.2-361256,7,1982.732,6010725989678592256,0.10550729073320872,True,good,6010725989678592256
240.799118121653,-32.65578844875732,SSTc2dJ160311.8-323920,7,1982.803,6036188926632560256,0.10223926727663422,True,good,6036188926632560256
240.96863481929023,-39.65049071987836,SSTc2dJ160352.5-393902,7,1982.778,5997706878653873024,0.08890230355679016,True,good,5997706878653873024
241.12721905305293,-32.12480118500987,SSTc2dJ160430.6-320729,7,1982.727,6036418346602207616,0.11424822395447261,True,good,6036418346602207616
241.80700364787648,-38.65675240254175,SSTc2dJ160713.7-383924,7,1982.941,5997857408673511424,0.07428169241191107,True,good,5997857408673511424
241.80824002416747,-38.877262522806305,SSTc2dJ160714.0-385238,7,2030.969,5997102284704235776,0.11457855767522085,True,good,5997102284704235776
241.95658757617176,-39.07484198893538,SSTc2dJ160749.6-390429,7,2030.895,5997084383280601088,0.11621573823652176,True,good,5997084383280601088
241.995326246482,-39.40978407769843,SSTc2dJ160758.9-392435,7,2031.266,5997024116297605248,0.08045403661834566,True,good,5997024116297605248
242.0667602023156,-39.051327559698365,SSTc2dJ160816.0-390304,7,2031.255,5997083146330022272,0.08413515259737475,True,good,5997083146330022272
242.14395517355536,-39.09296158231825,SSTc2dJ160834.6-390534,7,2031.358,5997082115537645696,0.06728864251215835,True,good,5997082115537645696
242.1740990165095,-39.02707535286858,SSTc2dJ160841.8-390137,7,2031.261,5997082734012938368,0.07943488638398678,True,good,5997082734012938368
242.1780111887183,-39.10522628692574,SSTc2dJ160842.7-390618,7,2006.988,5997082214303850880,0.09158128016405745,True,good,5997082214303850880
242.20059827564515,-39.07212657793912,SSTc2dJ160848.2-390419,7,2007.101,5997082356055814016,0.0831723522041254,True,good,5997082356055814016
242.28537716893703,-39.06209466441648,SSTc2dJ160908.5-390343,7,2031.26,5997410628989154816,0.08096648158230317,True,good,5997410628989154816
242.32130760094495,-39.452808502319826,SSTc2dJ160917.1-392710,7,1982.71,5997014392491914240,0.10260732975198562,True,good,5997014392491914240
242.42725712660743,-39.32822611126498,SSTc2dJ160942.6-391941,7,1982.783,5997016724637916800,0.09497995276943055,True,good,5997016724637916800
242.48776601537233,-38.99679947995617,SSTc2dJ160957.1-385948,7,1982.781,5997409185883543168,0.07600292911059099,True,good,5997409185883543168
242.55076433613416,-39.355121917008695,SSTc2dJ161012.2-392118,7,1982.901,5997388638756468736,0.07981856698455533,True,good,5997388638756468736
242.5683263712465,-39.13488299351019,SSTc2dJ161016.4-390805,7,1982.717,5997395648143156224,0.1027386269697791,True,good,5997395648143156224
242.97218111393292,-39.03786397806339,SSTc2dJ161153.4-390216,7,1958.529,5997235016369884672,0.10060372657110422,True,good,5997235016369884672
243.2599853681892,-40.07594447482637,SSTc2dJ161302.4-400433,7,1982.854,5997107885335262848,0.08176794111452317,True,good,5997107885335262848
277.45754166668837,1.2556277777778335,Serpens-FIRS1,3,2419.2,,,False,good,
101.28428712903748,-16.72240898978856,Sirius,5,302.4,,,False,good,
101.28429404674009,-16.72225363820027,Sirius_A,3,302.4,,,False,good,
281.719121799408,-62.17725026017093,Smethells_20,7,1118.88,6631685008336771072,0.2094846547140567,True,good,6631685008336771072
76.73129061264075,10.997693509076695,TIC_284730577,7,1360.8,3291818722708659200,0.3791080594487738,True,good,3291818722708659200
203.60207657808576,-65.29658855457758,TIC_316430346,7,1542.24,5863807042641766400,0.2214205498122082,True,good,5863807042641766400
238.714161835285,-31.913035661402933,TIC_442813719,7,1149.12,6039427503765943936,0.16120445869250402,True,good,6039427503765943936
169.46576301568157,-64.03488886784865,TIC_467773418,7,1512.0,5240643988513310592,0.10971831693617526,True,good,5240643988513310592
160.6267208332773,-33.671305555575245,TWA_7,7,4777.92,,,False,good,
299.0184022914404,-32.12745988015745,TYC7443-1102-1,6,2237.76,6747467224874108288,0.09167411931875784,True,good,6747467224874108288
340.7057904091882,-71.7062263481733,TYC9340-437-1,7,10674.668,6382640367603744128,0.732226106352575,True,good,6382640367603744128
56.256989937277126,19.55911089284669,TYC_1256-516-1,6,254.006,63052048347383168,0.2581736966670277,True,good,63052048347383168
54.395551921519235,24.236326640932216,TYC_1798-465-1,6,254.007,68409487473090688,0.2645081577910857,True,good,68409487473090688
53.69679330400364,26.094530195454332,TYC_1802-95-1,6,254.003,69485252225162368,0.33648566815299913,True,good,69485252225162368
330.1737077692639,27.253687625645213,TYC_2211-1309-1,7,1391.04,1892968735059453440,0.18184660147928125,True,good,1892968735059453440
284.5173965151223,-29.884865600384902,TYC_6872-1011-1,7,876.96,6760846563417053056,0.10502140271990569,True,good,6760846563417053056
228.25264723471344,-37.2480399801015,TYC_7324-1668-1,6,1451.479,6199429191749976960,0.23882754259809688,True,good,6199429191749976960
299.01841573794434,-32.127469853430064,TYC_7443-1102-1,7,876.96,6747467224874108288,0.14173510326392813,True,good,6747467224874108288
92.7648316733898,-47.19142502930518,TYC_8105-370-1,7,2298.24,5554553591848668672,0.12207638601219052,True,good,5554553591848668672
345.30301599927174,-58.97280599014207,TYC_8830-410-1,7,2661.12,6491606574121299712,0.2676617969221255,True,good,6491606574121299712
26.00862561196497,-15.933522128537025,Tau_Ceti,6,20624.364,,,False,good,
284.51949645751915,-29.892484405240165,UCAC2_19527490,7,876.96,6760846456020753792,0.1253091438804549,True,good,6760846456020753792
93.30526164355908,-27.701519743760382,UCAC2_20312880,7,1753.111,2899492637251200512,0.5329768070538429,True,good,2899492637251200512
299.0125068456925,-32.122171227259955,UCAC3_116-474938,7,876.96,6747467431032539008,0.2446348336485002,True,good,6747467431032539008
302.5003772741396,-28.02865284484084,UCAC3_124-580676,7,876.96,6846651450099142016,0.9543667241576309,True,good,6846651450099142016
83.49932629493108,-2.359312112055246,UCAC3_176-23654,7,725.76,3216922640621225088,0.2244216280116882,True,good,3216922640621225088
198.41271683959383,-19.634775006068445,UCAC4_352-065533,7,4171.399,3507313007364356608,0.8146728147584997,True,good,3507313007364356608
246.9576707769531,-24.42812475500304,VSSG14,6,483.708,6049152615384353408,0.6880226273179657,True,good,6049152615384353408
341.25138321316706,-33.25776255206092,V_star_TX_PsA,7,876.96,6603693808817829760,0.5361485065984056,True,good,6603693808817829760
341.2426515633541,-33.25108097221335,V_star_WW_PsA,7,876.96,6603693881832177792,0.5795421409847314,True,good,6603693881832177792
279.2358881463819,38.78502828180798,Vega,6,23833.32,,,False,good,
13.322407339577946,-32.99888423168187,WD0050-332,6,574.56,5006486048001153792,0.168988193221059,True,good,5006486048001153792
37.11288273785794,-32.71059965065495,WD0226-329,6,574.56,5063539946887524864,0.9259892172871806,True,good,5063539946887524864
57.20957386276246,-0.976542532886804,WD0346-011,6,604.8,3251244858154433536,0.7305462323517491,True,good,3251244858154433536
70.25776377161829,10.99438378413034,WD0438+108,6,665.28,3294248609046258048,0.35913032675702256,True,good,3294248609046258048
93.82748012054482,17.725920300923963,WD0612+177,6,756.0,,,False,good,
95.80304323509642,-37.69114066961012,WD0621-376,6,574.56,5575007845317435648,0.2675525819541976,True,good,5575007845317435648
245.8915553616556,-39.22948216643876,WD1620-391,6,574.56,6018034958869558912,0.3335391506718387,True,good,6018034958869558912
281.9859894898388,-22.3273638620756,WD1844-223,6,574.56,4078868662206175744,0.3363455063151429,True,good,4078868662206175744
302.2745140210117,-60.42886259778608,WD2004-605,6,665.28,6443328221136801920,0.4770657097626966,True,good,6443328221136801920
310.64690201121635,-20.07718331873106,WD2039-202,6,574.56,,,False,good,
333.54974715920537,-49.3245963496582,WD2211-495,6,604.8,6560067493827212544,0.26538616426916833,True,good,6560067493827212544
337.4107551325602,-20.83714643699752,WD2226-210,6,4898.879,6628874205642084224,0.1393988016470247,True,good,6628874205642084224
339.01282168490485,0.1229708990534516,WD2233-001,6,604.8,2654170736729886976,0.48947332349743455,True,good,2654170736729886976
348.09084733145164,10.784406905634018,WD2309+105,6,665.28,2810585920868186240,0.5422797862529263,True,good,2810585920868186240
86.82121564020545,-51.06606990881603,beta_pic,6,4656.696,4792774797545800832,0.24264530342111104,True,good,4792774797545800832
86.82122705855912,-51.066192909944206,beta_pictoris,6,3053.739,4792774797545800832,0.20464502226835912,True,good,4792774797545800832
53.22716106474937,-9.458194767423567,eps_eri,6,2981.933,,,False,good,
53.22855568120675,-9.45317720597913,epsilon_Eridani,6,15420.103,,,False,good,
188.0159173624204,-16.196101793378563,eta_Corvi,7,6799.876,,,False,good,
181.7207908210999,-64.61392160575959,eta_Cru,6,3624.392,6053245135154609280,0.1051720840174733,True,good,6053245135154609280
198.7906023880626,-67.88054158908649,eta_Mus_C,6,393.12,5845487911944804864,0.8357116145487257,True,good,5845487911944804864
188.0145293974936,-16.196406769577184,eta_crv,8,6076.922,,,False,good,
344.4150690207793,-29.62329472936207,fomalhaut,7,23925.658,,,False,good,
190.41190906449293,-1.449047586224928,gamma_Vir,6,4106.892,,,False,good,
86.11418770261156,-22.450303245991496,gamma_lep,7,1088.64,,,False,good,
190.41193288305757,-1.449052566595742,gamma_vir,7,3452.147,,,False,good,
184.7762470018576,16.54758991027072,hd107146,7,2963.52,3946438125929224320,0.19872156594874588,True,good,3946438125929224320
189.94223794368153,-49.198839847840766,hd110058,6,8164.702,6127782196588876160,0.10734015086018384,True,good,6127782196588876160
208.82840492553723,-53.528654696399805,hd121191,6,604.8,6065138792911302784,0.19554793754950484,True,good,6065138792911302784
223.78330400668173,-41.12052799969034,hd131488,8,967.68,6101164531905526528,0.18099907061830697,True,good,6101164531905526528
233.81698475095948,-25.734310070016,hd138813,8,1451.52,6237729751586459392,0.18282659291637113,True,good,6237729751586459392
237.4905360925772,-3.9212897899524535,hd141569,3,5564.143,4399438153527026176,0.015073216872279211,True,good,4399438153527026176
243.7405492476231,-39.62800622153384,hd145880,8,1270.08,5997144169219985792,0.22623523095565845,True,good,5997144169219985792
75.61435416381434,7.460872151964239,hd32297,7,3870.688,3289902690554574464,0.16849781091236965,True,good,3289902690554574464
160.8666514806937,-29.064522167665075,hd92945,7,14570.49,5455707157211784832,0.16784311024483597,True,good,5455707157211784832
164.26197217050156,-68.6672764178524,hd95086,8,4535.995,5231963962676292224,0.1584651760968131,True,good,5231963962676292224
189.94223467308169,-49.19884648495755,hd_110058,8,876.96,6127782196588876160,0.12367609700130745,True,good,6127782196588876160
290.74578390410323,-54.53842733578441,hd_181327,7,2661.117,6643589352010758400,0.04792892838358248,True,good,6643589352010758400
52.97385940110668,-25.61423585758638,hd_21997,8,997.92,5084963312478488960,0.21937886081148156,True,good,5084963312478488960
104.99673354317837,-61.33477123006019,hd_53143,6,23684.168,5479222240596469632,1.013461283037297,True,questionable,5479222240596469632
164.26210377977227,-68.66729534297889,hd_95086,6,16327.387,5231963962676292224,0.029183248014963283,True,good,5231963962676292224
189.00395192695063,-39.86962045607937,hr_4796a,7,3084.479,6147117727029871360,0.07509689036278973,True,good,6147117727029871360
346.87020146184847,21.134014720581177,hr_8799,7,77762.964,2832463659640297472,0.13570893370033849,True,good,2832463659640297472
194.00595078688536,-12.95886530905954,j1256-1257,7,4354.536,,,False,good,
342.02050592284803,-24.369779615787184,lp_876-10,7,6070.765,6623351805412369024,0.7764107878084932,True,good,6623351805412369024
238.23387916998257,12.912411110000596,nn_ser,7,1391.04,,,False,good,
25.623462649674423,-53.74131839880477,q1_Eri,7,5806.02,4912580642524184960,0.16537988834895523,True,good,4912580642524184960
346.62710929629566,-5.043869234102322,trappist-1,7,16348.437,,,False,good,
12.296542803622147,5.377088616216993,vMa2,6,2903.04,,,False,good,
