s_ra,s_dec,target_name,band_list,t_exptime
77.1141666666801,-21.025000000000254,1RXS_J050827.3-210130,7,846.72
262.3361600822039,-50.24833480897934,1RXS_J172919.1-501454,7,967.68
211.94950076519436,-39.762022904965654,1swasp_j140747.93-394542.6,7,9215.937
79.97204172952902,6.290335663759702,2MASS_J05195327+0617258,7,967.68
81.07975416666665,-16.020916666669997,2MASS_J05241914-1601153,7,876.96
169.64772789801944,-79.59858521594735,2MASS_J11183572-7935548,7,483.84
240.10884169998457,-41.89871110000274,2MASS_J16002612-4153553,6,907.2
240.28730486729518,-33.337389042738984,2MASS_J16010896-3320141,6,907.2
240.79915020212533,-32.65577669941338,2MASS_J16031181-3239202,6,907.2
242.23130640342873,-39.04284517034625,2MASS_J16085553-3902339,6,907.2
244.17493329997976,-36.84600830000342,2MASS_J16164198-3650456,6,907.2
245.86699999997623,-40.26023890000427,2MASS_J16232807-4015368,6,907.2
287.61758771411894,-23.33039660306178,2MASS_J19102820-2319486,7,846.72
308.4069628054709,-25.94821771408801,2MASS_J20333759-2556521,7,1692.366
23.657896808874316,-15.676374472383909,49_Cet,6,2842.56
23.65808617243877,-15.676384930992,49_Ceti,7,10401.708
23.658004284202757,-15.67638126845418,49cet,7,665.28
23.65792516002457,-15.67637622717388,49ceti,8,20721.886
69.40076501497607,-2.4738503110951036,51_Eri,6,1028.16
199.5965193795544,-18.31571495227733,61_Vir,7,10963.288
94.80394445452606,-58.05410457528229,AB_pic,6,514.08
123.84700690530981,-38.98976215486709,ASASSN-21qj,7,5152.891
250.75525792611776,-17.90791909316339,ASAS_J164301-1754.4,7,876.96
311.2906708333333,-31.342135833333334,AU Mic,6,6495.552
311.29132229400176,-31.342627050988856,AU_Mic,9,6319.212
55.879808959881586,22.158102286455115,BD+21_508,6,254.005
56.29128708756029,21.704314816251458,BD+21_516,6,254.005
60.221398611303414,23.19374766497444,BD+22_617C,6,254.008
51.9252899128184,23.803434387762287,BD+23_455,6,254.008
54.973919619936844,26.71675277291207,BD+26_592,6,254.007
36.86906710176241,30.975928764404756,BD+30_397B,7,1874.878
23.8085383337831,-7.214597763057959,Barta_161_12,7,876.96
86.8204695823006,-51.066617842808185,BetaPic_bottom,7,3779.708
86.82113291532605,-51.06589450944063,BetaPic_ctr,7,3779.708
86.8217958314888,-51.06517062048762,BetaPic_top,7,3779.708
86.82122228139703,-51.06600331679675,Beta_Pic,3,8104.127
75.19673421770042,-57.256705940995765,CD-57_1054,7,2052.844
195.55580170911819,-76.63278094628892,CM_Cha,7,1814.4
340.7053687105806,-71.70615642206936,CP-72_2713,6,3810.189
130.6119154800483,-78.9631361378142,EK_Cha,7,514.08
53.75904163865584,23.709561261851558,EPIC_211046195,7,1270.08
130.82656335505175,-79.08822440258982,ET_Cha,7,54.432
53.228068151305756,-9.458205292922715,Epsilon_Eridani,6,3806.496
344.4143757416034,-29.62290486140328,Fomalhaut,6,4444.576
344.411808833862,-29.61755713817472,Fomalhaut_Apocenter,6,7399.013
344.4174956398363,-29.628660589021724,Fomalhaut_Pericenter,6,7399.012
352.1971208333333,5.247516666666667,G29-38,7,6955.2
4.280458160557414,40.94873412359358,GJ14,6,5607.403
77.96583430660628,-45.04753010348555,GJ_191,6,60464.065
6.959912825227786,-32.552091421933405,GJ_2006A,7,876.96
6.960043190973526,-32.55678336110836,GJ_2006B,7,876.96
111.85496549112011,5.20727767520902,GJ_273,6,85693.019
17.85693537474402,15.438700447585543,GJ_3076,7,1088.64
229.85529163581086,-7.722781494270307,GJ_581,6,35931.836
213.90151991358502,1.288440540983692,GK_Vir,6,2540.147
70.73609077320178,18.952184269356014,GL_176,6,16791.217
90.0162233538992,2.7063468099828962,GL_3379,6,17862.368
218.56807176993803,-12.516357112001291,GL_555,6,12140.918
332.4241566743314,-4.640855653709925,GL_849,6,14653.514
273.59201903806274,-32.76968017220466,GSC_07396-00759,7,876.96
262.3361595013421,-50.24833331667466,GSC_08350-01924,7,967.68
260.23374996663455,-26.058811672845106,Gaia_DR2_4108404224585712768,6,302.4
247.91941592918573,-24.42144471190479,Gaia_DR2_6047590759117265280,6,483.721
244.76764340326227,-26.961713361539402,Gaia_DR2_6048347979034299904,6,483.72
246.53875485586966,-24.570365091996393,Gaia_DR2_6049123615765201536,6,483.702
310.8135181564079,10.726446155239021,Gaia_DR3_1751335969361640192,7,5019.569
161.06911347307414,-45.27044928740216,Gaia_DR3_5366813974272886528,7,2721.6
52.97338362,-25.61411285,HD 21997,7,1512.0
177.2625501792377,14.571547978596385,HD102647,6,18409.868
25.623921090623554,-53.74151359577984,HD10647,7,2298.24
184.77578524317238,16.547217182421225,HD107146,1,13456.608
189.00383977045587,-39.86965973208726,HD109573,7,876.96
189.6776107124959,-68.7637239584634,HD109832,8,1360.8
190.4716159672346,10.235041903003575,HD110411,6,12690.549
208.8284307254712,-53.52864013385462,HD121191,8,967.68
209.42113026372502,-47.009640820197106,HD121617,8,846.72
223.78330657349963,-41.120525321105184,HD131488,7,17231.438
224.22681671235128,-35.695580187086584,HD131835,8,846.72
233.8169623370961,-25.734334400084034,HD138813,7,1481.76
235.0474801160529,-70.22818682133449,HD138965,6,2449.44
34.32889953377594,33.84692436195447,HD14055,6,1300.32
237.23645129335677,-3.8184615972093807,HD141378,6,14182.306
237.49050125161708,-3.921334168636769,HD141569,7,15597.061
239.1666983783059,-22.027900020469172,HD142666,6,1300.32
243.39287140476637,-45.81790155486334,HD145560,7,19685.034
244.87177784071696,-21.403830352236014,HD146897,8,20320.278
250.40292399660984,26.91665578526982,HD150682,6,1360.8
36.568275579198804,6.292218602779065,HD15115,7,34018.433
37.04147233713497,29.668787392040905,HD15257,7,31595.187
255.02606950807325,-54.597651178504044,HD153053,6,19896.53
260.21075713311416,-45.42112055904918,HD156623,7,1209.6
262.20656116822835,0.3307303341958834,HD158352,6,876.96
266.9730439847833,2.7069011711281874,HD161868,6,4354.556
270.7642427186041,-51.64938508933216,HD164249,6,423.36
39.78218216120224,-52.93453576493832,HD16743,6,5805.983
278.25440997833607,-39.89242974696732,HD170773,6,4172.949
281.3624150965155,-64.87190706101953,HD172555,6,453.6
290.71355005058575,-54.42428897393634,HD181296,6,846.159
290.74580259388324,-54.538438242759185,HD181327,8,2872.8
291.7354572032394,-29.74348406878292,HD182681,6,1632.549
302.2719508511789,-26.224390820648534,HD191089,6,816.48
319.6153488904904,-43.334541061941444,HD202628,6,8799.322
324.3382742073311,-18.441715673726687,HD205674,6,816.48
326.3417696071705,-12.783351709722899,HD206893,7,16216.478
336.56002567149517,-2.7893946575743187,HD212695,6,846.72
344.4153882167467,-29.6234324421183,HD216956,1,10401.626
52.97395905573478,-25.614260454767532,HD21997,7,5926.907
75.61435562190026,7.460866807888706,HD32297,7,9192.114
81.65254439002113,-22.489947782565203,HD35841,6,1631.906
2.107886413063969,6.616788416193775,HD377,6,6704.656
86.82125447581116,-51.06591790134831,HD39060,1,13910.16
104.99636377217855,-61.33443342921032,HD53143,6,12998.524
113.9473295136604,-32.20341706314799,HD61005,7,6256.967
134.3970654842217,15.581415054221416,HD76582,7,5987.401
147.2616323923897,34.08503878870467,HD84870,7,37725.439
164.26187344382367,-68.66726679787949,HD95086,7,8436.801
23.658031449886987,-15.676382352512565,HD9672,7,2993.76
169.49183152623502,-64.04260352039618,HD98363,8,1088.64
173.27290672436536,-54.32462747272777,HD_100453,5,1602.72
179.66157093607475,-52.768826525271514,HD_104021,6,332.64
180.6563620585274,-69.19233368543233,HD_104600,6,1905.117
182.019942651001,-50.76371059506571,HD_105383,6,1481.76
182.41116515716203,-58.349719815816684,HD_105613,6,1571.746
182.54674481897518,-46.98758378944452,HD_105714_A,6,332.64
182.77405367052154,-56.40142385497421,HD_105857,6,1571.787
25.62344475810278,-53.74130663287519,HD_10647,6,4775.526
183.73450146623333,-47.94858015170662,HD_106473,6,1451.52
184.27570053230374,-65.69302308906896,HD_106797,6,1814.398
184.47136582997203,-55.97557205075587,HD_106906,6,635.04
184.77600557972707,16.547418703959288,HD_107146,7,2600.64
185.0801998865358,-51.21870515127026,HD_107298,6,332.64
188.12250398770303,-49.94293089470038,HD_109111,6,332.64
188.49206664866972,-56.5708598162732,HD_109276,6,362.825
26.527469313098976,-53.52164494209827,HD_10939,6,5440.664
189.67778414973262,-68.76370399699573,HD_109832,6,937.44
189.94230768181956,-49.19881726633716,HD_110058,6,544.32
190.47189358543153,10.235146438720797,HD_110411,6,3083.972
190.63133800600778,-47.267092529070155,HD_110444,6,332.64
192.45301114518142,-51.39313124284857,HD_111436,6,332.64
194.35847102669243,-67.96080226013116,HD_112383,6,1905.117
194.54150841823798,-54.18581671305627,HD_112532,6,1905.12
196.25796653987481,-64.4416894357759,HD_113457,6,1814.398
196.64912726364105,-46.033963212030535,HD_113766,6,544.32
197.31715364933285,-60.30842233732973,HD_114082,6,635.04
27.7262879421239,-50.20616017695848,HD_11413,6,16692.438
198.36428735022662,-45.736527757282325,HD_114788,6,332.64
199.8311607638113,-59.47241267396905,HD_115600,6,635.04
199.59584753230592,-18.316327878338804,HD_115617,7,9066.206
200.1114002991836,-49.22379849962425,HD_115820,6,1964.626
200.63262302742692,-52.168539411752604,HD_116116,6,362.831
201.09083589729073,-53.99968127942877,HD_116388,6,362.839
201.25234802806537,-43.92254095030293,HD_116553,6,967.668
201.3746579974839,-52.362175361547955,HD_116587,6,362.819
201.43587085471876,-47.8191423690062,HD_116649,6,1994.972
201.48266991369294,-51.177292621318415,HD_116651,6,362.823
202.53709001382444,-58.484636035422284,HD_117214,6,1149.12
202.8788275870738,-46.73533104219078,HD_117484,6,1934.668
203.16327159217786,-44.45036906335509,HD_117665,6,967.666
204.32384156945682,-40.898003270466,HD_118379,6,967.666
204.67842102629137,-44.51641218684897,HD_118588,6,967.667
205.47330862868114,-43.176851166405726,HD_119067,6,967.667
205.68136407002115,-43.18600888272329,HD_119221,6,332.64
206.23868373821043,-45.22328010715489,HD_119573,6,967.666
206.44120942346282,-34.74539479261991,HD_119740,6,302.4
207.4768101289359,-50.24009897602297,HD_120326,6,2049.272
208.82835089948557,-53.52871091830691,HD_121191,6,5201.209
209.42114479440016,-47.00960933439892,HD_121617,6,2540.16
210.97400132237584,-53.77460436602057,HD_122513,6,2236.867
211.17535424105708,-50.071544233938006,HD_122705,6,2049.336
211.5421507217427,-41.17483099255267,HD_123021,6,967.674
215.29789987464386,-41.70704335847684,HD_125541,6,967.674
215.4517742250622,-38.68097268401716,HD_125647,6,967.674
215.74056255484922,-46.27951828595579,HD_125777,6,453.529
216.15394761359988,-47.177882665641,HD_126062,6,967.673
216.44708303005314,-60.494635392008526,HD_126116,6,362.88
217.11051543800968,-45.873064575169764,HD_126710,6,453.521
218.01729707776255,-46.10012422843685,HD_127326,6,453.519
218.19421443440183,-43.617812091460856,HD_127466,6,453.523
218.63915847366357,-46.304926873129304,HD_127750,6,967.674
219.35441046817652,-36.7229123474345,HD_128360,6,423.321
221.12887570983264,-39.989171177029476,HD_129590,6,846.72
222.13901281147162,-30.446637997919847,HD_130361,6,393.089
223.78332788737785,-41.12049448063266,HD_131488,6,1360.8
224.22683677083853,-35.695560176043806,HD_131835,7,1874.88
224.34170712556693,-27.320883596583467,HD_131960,6,1844.64
224.80786814691126,-37.88137096585314,HD_132238,6,1451.482
225.49371535101923,-45.84863021583494,HD_132690,6,1450.988
226.04431867420112,-31.937098414352864,HD_133195,6,362.848
226.29729246875968,-47.57620375968427,HD_133263,6,332.64
226.2430090984169,-37.689220728983656,HD_133319,6,1451.479
226.55792862343554,-37.29019597310545,HD_133531,6,483.764
226.81202515014846,-29.504675817329666,HD_133803,6,1360.757
227.00430346491288,-43.71269542683763,HD_133820,6,1450.844
228.52895220261647,-38.152487655002446,HD_134989,6,483.771
228.88083799005108,-49.2129489909507,HD_135132,6,332.64
228.98290241052683,-47.158511208939125,HD_135255,6,332.64
229.36484067699115,-43.38396563938988,HD_135583,6,1451.013
229.68418078114047,-48.906920642970846,HD_135769,6,332.64
229.77914334501256,-42.4379114053082,HD_135878,6,483.759
230.46681661385526,-37.549039833965736,HD_136423,6,483.754
230.54673507520306,-37.635778798697736,HD_136482,6,1451.48
231.53367597934377,-53.5579561444958,HD_137041,6,332.64
231.37551212536212,-36.199599053786976,HD_137119,6,1451.475
231.69460462720383,-35.78081949059026,HD_137350,6,483.755
232.58682616192306,-41.92030719324567,HD_137919_B,6,483.759
232.5945361006827,-38.31745326492329,HD_137953,6,483.759
232.6532132536358,-37.690417918413516,HD_137990,6,483.739
232.9943879051719,-28.758752250032934,HD_138270,6,302.4
233.426360433996,-20.54885675075601,HD_138574,6,604.778
233.62511796768771,-21.919055709560254,HD_138721,6,574.537
234.0471933665001,-33.09295352123837,HD_138923,6,1391.028
234.73761964271918,-57.70693430392608,HD_139084B,7,1028.16
235.19312601801138,-42.498339340099164,HD_139614,5,1481.76
235.29632436762236,-44.662423861515805,HD_139664,6,4595.772
236.09044712753172,-30.20086546829864,HD_140390,6,1391.028
236.3339831156005,-39.77351785399384,HD_140498,6,483.772
236.704909108408,-25.243028372291143,HD_140855,6,302.4
237.1267627310896,-32.086783418761094,HD_141133,6,6168.929
237.30777830525057,-30.21023416527755,HD_141253,6,302.4
237.4905213890835,-3.9213040661758547,HD_141569,6,1330.56
237.62718392197007,-20.84839316742241,HD_141575,6,272.121
238.0781057956106,-39.51632867582559,HD_141779,6,483.745
238.03780397586561,-21.683399155707264,HD_141882,6,272.115
238.23550183349886,-29.842974402323893,HD_141960,6,3689.218
237.80799209947392,35.65544386577038,HD_142091,6,11844.418
239.6264715725523,-20.893593190864053,HD_142988,6,272.122
239.87842751588582,-40.86539708403356,HD_143022,6,302.4
239.77879108545255,-19.935455930839453,HD_143093,6,272.11
240.0929466659774,-38.99398326870252,HD_143181,6,1118.88
240.8062688771579,-35.28764481087004,HD_143675,8,1209.6
241.23093891080734,-20.900272915613044,HD_144113,6,272.123
241.43672307081,-19.681306953425004,HD_144273,6,272.126
241.63826380772238,-39.25966212613976,HD_144277,6,1965.6
242.13051670064516,-35.16399980470274,HD_144691,6,1391.026
242.43543290850155,-47.36302438573325,HD_144795,6,332.64
242.9307044687335,-54.598084710649054,HD_145078,6,332.64
242.4918077671526,-22.409856270329247,HD_145101,6,2449.44
242.81637056584586,-23.204321702306242,HD_145333,6,272.123
243.06957926179678,-42.37522289714821,HD_145357,6,1209.6
242.99377766973976,-19.450459778647513,HD_145501_A,6,272.121
243.0248487907188,-19.062586734361506,HD_145519,6,272.124
243.29825577736088,-22.48531953972073,HD_145718,6,1300.32
243.36656418204092,-27.40404132968172,HD_145719,6,483.711
243.67999263092193,-39.131212810421175,HD_145840,6,302.4
243.74058705290236,-39.62795468608063,HD_145880,6,786.24
243.5853265810069,-22.136316807263867,HD_145942,6,272.122
243.62017627918755,-21.10780226345484,HD_145964,6,1360.8
244.0158060864233,-49.07502850339176,HD_145972,6,1451.52
243.78354560722326,-24.58871305558116,HD_146055,6,483.727
244.34451938052712,-42.83823836157657,HD_146290_A,6,332.64
244.18424363953295,-25.229492006555827,HD_146330,6,483.722
244.36203101145986,-23.34207601042922,HD_146494,6,483.72
245.05119380251872,-39.50083150155193,HD_146905,6,302.4
245.06251255982997,-25.645890520486923,HD_147013,6,483.728
246.24291723598134,-48.60159878458413,HD_147558,6,1451.52
246.5410058812561,-41.22632778637954,HD_147875,6,332.64
247.48312454476374,-26.59088056373072,HD_148563,6,483.731
248.8277134802474,-42.240101538307876,HD_149230,6,332.64
249.16328823638733,-19.602341864366085,HD_149619,6,302.4
249.88867721051827,-39.60943591474844,HD_149938,6,423.227
249.99112351201583,-39.78918274169973,HD_150004,6,423.23
250.13696658211288,-38.2270281674736,HD_150107,6,423.227
250.62694018073572,-38.930338642242646,HD_150398,6,423.226
250.79668692821735,-43.653129537886265,HD_150477,6,459.503
250.9852728157995,-38.33403387312876,HD_150641,6,423.23
251.57053602848137,-39.272771537276654,HD_150988,6,1391.036
251.5548461795671,-39.74598462668706,HD_150989,6,423.221
251.75689531786497,-39.53401172206294,HD_151109,6,1391.036
36.56807287135081,6.292330410542879,HD_15115,6,907.2
252.60249882597043,-38.04870078318064,HD_151681,6,423.224
253.6419431337381,-38.10578616463289,HD_152369,6,1391.036
253.7434133832448,-41.09307068401046,HD_152407,6,459.505
254.00292728667267,-37.51278491622844,HD_152621,6,1391.036
254.41426291551383,-37.80804932613156,HD_152870,6,392.993
254.47454931924912,-27.611136939339485,HD_152989,6,1935.36
257.3753552118835,-46.541508928262054,HD_154743,6,423.188
257.6829235495523,-22.004830442026506,HD_155142,6,302.4
258.0049058355162,-25.681922632791704,HD_155334,6,302.4
259.3802625158159,-66.95226502812297,HD_155555C,7,1270.08
258.9094639997313,-33.834109077195734,HD_155853,6,4898.879
260.21078071851355,-45.42108135899331,HD_156623,8,4959.162
38.23284679553951,37.33337626319963,HD_15745,6,1270.08
261.818738269425,-28.770456742358554,HD_157918,6,302.4
262.20625498783204,0.33081891644318795,HD_158352,6,1451.52
264.2442872067169,-32.12886695326385,HD_159595,6,1723.68
264.65298115831695,-42.734194928996324,HD_159807,6,332.64
39.78238687403761,-52.934455216068685,HD_16743,9,1413.12
276.97794689506617,-1.0936078113827439,HD_170116,6,5443.124
277.8468400519288,-34.75042013723623,HD_170535,6,604.791
285.528332799075,-36.36180353829644,HD_176497,6,3447.359
291.55522421666757,20.097386938934253,HD_182919,6,3689.245
292.2540942315203,1.9501279493588421,HD_183324,6,1451.52
302.27195642115487,-26.224383463467014,HD_191089,6,1421.28
304.5660979152868,-42.860358868030154,HD_192758,6,2419.2
319.61515307838386,-43.33455735321729,HD_202628,6,36339.207
320.20838270750653,-53.03466890502842,HD_202917,6,2540.16
326.3417660918875,-12.78335151873893,HD_206893,6,11610.228
327.0667520166924,-47.304950451751665,HD_207129,6,4655.507
52.97384379950127,-25.614227939257333,HD_21997,6,1844.64
353.9009625335853,8.382421784145073,HD_221853,6,2570.4
54.35030445515173,22.350733382905513,HD_22444,6,254.005
54.78814166185672,24.3675727718061,HD_22627,6,254.006
54.92173747829542,23.29063474055544,HD_22680,6,254.0
56.24560264563165,22.032210704653668,HD_23312,6,254.0
56.0399870671993,-38.27986808902504,HD_23484,6,13758.239
56.83711883725805,25.5255797937862,HD_23598,6,254.005
57.470596493943994,25.647202281262057,HD_23935,6,254.005
57.57374650426681,25.379306721784996,HD_23975,6,254.005
76.73129507920447,10.997639977052867,HD_240779,7,3084.156
57.77651854008492,25.594448652453114,HD_24086,6,254.005
58.22291510379928,24.715472098523428,HD_24302,6,254.0
58.59007000461442,24.075435887563724,HD_24463,6,254.005
71.7065621900037,-26.302475061257436,HD_30447,6,2328.48
73.95101631073861,30.3377592878022,HD_31305,6,1844.64
73.51861752975597,-35.403397445480756,HD_31392,6,26624.405
250.5601341639233,-39.863716055110906,HD_321933,6,392.992
75.61435174738531,7.4609023373942485,HD_32297,6,4838.383
81.65254206358175,-22.489945247984018,HD_35841,6,2812.32
83.3782527191793,24.62840475323168,HD_36546,6,3568.297
9.736778698536282,-52.534419513977696,HD_3670,6,2540.16
84.28675346720524,-11.77565426659115,HD_37306,6,1360.8
84.87976978978553,-3.564687613462008,HD_37594,6,10764.354
85.83741563809188,-20.18931717384953,HD_38207,6,2812.32
85.89937005513038,-39.9234540928803,HD_38397,6,2388.96
87.14584001201311,-4.095671794005552,HD_38858,6,4898.644
96.18149521167703,-28.780968150488132,HD_45184,6,25789.557
100.75432919720897,-2.889043835624662,HD_48370,6,1874.88
102.50425818177305,-60.248581814210326,HD_50571,7,2147.04
13.646876284071386,19.188329453036612,HD_5267,6,1814.4
113.94745308997499,-32.20355363239682,HD_61005,6,2661.118
124.6017730054643,-12.639026782558929,HD_69830,7,17279.683
134.39710146077078,15.58142683179492,HD_76582,10,2856.96
154.86880056040118,6.582637615221271,HD_89452,6,22980.258
169.49093063402483,-46.09844831725686,HD_98303,6,332.64
169.49196027004572,-64.04259933789055,HD_98363,6,876.96
170.52157755928042,-24.777812062210856,HD_98800,6,4063.993
24.483999707343408,21.2610774305614,HD_9985,6,5503.611
56.61404243907536,25.13530420568432,HII_1015,6,254.005
55.85233652166746,23.225705268469614,HII_102,6,254.006
56.66166090429151,24.959376184292495,HII_1101,6,254.005
56.65719076143835,23.787496970476415,HII_1117,6,254.006
56.660109044617066,22.919545853992297,HII_1132,6,254.006
56.66676545446967,23.110079793523887,HII_1139,6,254.005
56.696186637923496,22.91431145119361,HII_1182,6,254.005
55.883267766184716,23.67381839696278,HII_120,6,254.005
56.71067823635618,23.238976618761765,HII_1200,6,254.007
56.79202619303448,24.276403222949565,HII_1309,6,253.977
56.81913923763024,24.128197631111938,HII_1338,6,253.991
56.91854167001497,24.364583330003374,HII_1514,6,254.016
55.907368535942155,23.535751698355362,HII_152,6,254.005
56.96879058595186,23.94122003139856,HII_1613,6,254.01
57.029686436899496,24.14190864040187,HII_1726,6,253.96
55.95181959893646,25.18988031878589,HII_173,6,254.005
55.95157203880474,25.004118939201103,HII_174,6,254.005
57.07044236976729,25.214879755977734,HII_1766,6,254.005
57.073848595096756,25.047618922414326,HII_1776,6,254.006
57.07045833001554,23.636805560003364,HII_1797,6,254.016
57.10915438674084,24.04820557494121,HII_1856,6,254.005
57.14504474717648,24.180887130912204,HII_1912,6,253.989
57.14393493801172,23.43456586122931,HII_1924,6,254.005
57.20394848611017,24.267436049466205,HII_2027,6,253.999
57.27557734004347,23.781042234240143,HII_2147,6,254.006
57.29904203546693,24.63635528042978,HII_2172,6,254.006
57.357298243517384,24.937372292542243,HII_2278,6,254.005
55.729772446476254,24.492837795619728,HII_25,6,254.006
56.01776797210079,24.989584269047544,HII_250,6,253.997
57.485503237668254,23.21837668931851,HII_2506,6,254.006
57.58707917002112,24.466755560004277,HII_2644,6,254.016
57.66711453716648,23.932811094436023,HII_2786,6,254.006
57.72633333002144,23.834888890004226,HII_2881,6,254.016
56.058116910257134,24.779131166950208,HII_293,6,254.005
57.86353116890616,24.518397985249436,HII_3031,6,254.003
57.91865329136113,24.98293671740147,HII_3097,6,254.005
56.083825422425534,24.79593684028256,HII_314,6,253.962
57.987052231275264,23.901705629797664,HII_3179,6,254.005
56.169907504070515,24.818281940677046,HII_405,6,253.988
56.23499997584878,24.432611109068326,HII_489,6,254.016
56.2667928058901,25.257601972166732,HII_514,6,254.006
56.31410790662829,25.28921837343055,HII_571,6,254.006
56.41748301125796,24.627026629966053,HII_727,6,254.007
56.42561190475926,24.905761759644655,HII_739,6,254.004
56.541970715776635,23.339731241787682,HII_923,6,254.004
56.5945303642974,24.56988084776331,HII_996,6,254.006
34.353456760107846,28.741417493164015,HIP10679,6,514.08
36.872298436983534,30.973199102239082,HIP11437,6,574.56
106.58725956324957,-43.61069342617807,HIP34276,6,8799.752
155.74191788063598,-66.90142324575172,HIP50847,7,5685.118
179.79422532552348,-45.83227788082971,HIP58452,7,2902.246
181.1881075571415,-59.25333133310307,HIP58901,7,3356.492
182.02143526197878,-50.66134453487449,HIP59173,7,2902.048
183.78588352618743,-58.748993679568734,HIP59747,7,3356.493
184.6088031423018,-64.0031251698245,HIP60009,7,3265.89
185.7055266703342,-57.676206907481934,HIP60379,7,3265.775
186.63202062229516,-51.450700512851746,HIP60710,7,3023.18
187.00960581143642,-50.23071492159829,HIP60823,7,2902.17
189.2951951858212,-69.13564358687562,HIP61585,7,3598.521
190.78788344840567,-56.17630475907725,HIP62058,7,3265.8
191.5942659991875,-56.48891080630394,HIP62327,7,3265.791
191.92974873467313,-59.68887568086024,HIP62434,7,3447.178
193.64807771296475,-57.17800667641195,HIP63003,7,3265.802
193.6533534941721,-57.16873193073843,HIP63005,7,3265.805
194.26782727001853,-51.19885346074661,HIP63210,7,3447.092
196.56931584605124,-48.4633881679572,HIP63945,7,3265.669
196.7274072957972,-49.90632250803614,HIP64004,7,3265.708
200.1572892888835,-52.74792953113522,HIP65112,7,3447.085
204.3475627873153,-46.42800535591175,HIP66454,7,2902.849
207.37592314553117,-41.68783990850871,HIP67464,7,2721.419
207.95641166809523,-32.99426653557702,HIP67669,7,5715.195
208.01985152966108,-52.81170159775363,HIP67703,7,3447.002
209.5675825836743,-42.10088443133623,HIP68245,7,2902.875
209.66953891302106,-44.80373139506067,HIP68282,7,2902.839
211.51134036792595,-41.179773473661676,HIP68862,7,2721.443
211.91970004761512,-48.70421070036508,HIP69011,7,2902.777
213.73779657818346,-57.08625579704476,HIP69618,7,7768.692
215.7591313162819,-39.511959690293295,HIP70300,7,2922.992
216.7076348276641,-39.87412049090196,HIP70626,7,2923.0
218.87647113446528,-42.15803491867156,HIP71352,7,3023.676
218.88098014594024,-41.51757919453305,HIP71353,7,2922.969
219.4714980423447,-49.42600853355651,HIP71536,7,2903.039
220.48211914614603,-47.388347557644735,HIP71860,7,2842.559
220.48972189594778,-37.79369499526555,HIP71865,7,2872.538
225.74682808515996,-32.64343397001894,HIP73624,7,4111.467
227.16314282283219,-42.868059240735874,HIP74100,7,3023.859
228.20641639274118,-44.50055110462338,HIP74449,7,3023.863
230.3428986843331,-40.64764102111273,HIP75141,7,2923.067
230.78881435191641,-36.85861876977909,HIP75304,7,2872.682
231.8253873192259,-36.76770917139252,HIP75647,7,2872.668
232.95915821171948,-32.88125802840177,HIP76048,7,4111.635
234.66387821139125,-29.77790695757104,HIP76600,7,4111.375
237.52921985662917,-53.21001763553846,HIP77562,7,3810.185
239.22103643855817,-29.214233549157314,HIP78104,7,4383.059
239.41853139760278,-20.98321839950727,HIP78168,7,3729.414
240.03039423734637,-38.396884233829205,HIP78384,7,2781.968
240.85064511307624,-38.602725958229044,HIP78655,7,2781.96
241.64795494056267,-36.802474093531295,HIP78918,7,2661.004
241.70171764751393,-20.669343967428006,HIP78933,7,3729.405
241.81214573761062,-17.936176348537657,HIP78968,7,3729.415
242.01811136516332,-36.232008109738416,HIP79044,7,2661.016
243.0757793478339,-27.92652868163885,HIP79404,7,4383.321
246.7559431770866,-18.456385123218077,HIP80569,7,3729.44
247.8454613594907,-34.70448175972624,HIP80911,7,4836.557
248.97056600487858,-28.21616473014445,HIP81266,7,4383.432
249.60945491030012,-43.398555847824284,HIP81472,7,5047.875
251.17736844716796,-40.83981406567433,HIP81972,7,4816.066
252.96753337882942,-38.04751698679284,HIP82514,7,4746.256
253.08384996098852,-38.017684565199175,HIP82545,7,4745.405
53.53058310956668,24.344199917309318,HIP_16639,6,254.004
53.88219807101051,22.82333985540351,HIP_16753,6,254.003
54.59420643913845,22.499451081958863,HIP_16979,6,254.005
54.73706915689979,24.569557151581364,HIP_17020,6,254.005
54.80628630420291,24.466287076791183,HIP_17044,6,254.001
55.012974749859794,27.740252122563422,HIP_17125,6,254.001
55.40077356505841,25.61905295405064,HIP_17245,6,254.002
55.60012868737936,21.473233512504603,HIP_17316,6,254.003
55.60021258799999,22.42090050264444,HIP_17317,6,254.003
58.00344321807036,19.596608772973863,HIP_18091,6,254.004
59.507180596944394,20.6765249521976,HIP_18544,6,254.002
60.93417230803583,22.944021286575456,HIP_18955,6,254.004
84.04301262847838,-28.708025005420872,HIP_26309,6,2207.52
84.41522177956512,-28.62631148593612,HIP_26453,6,2207.52
85.84037299658495,-18.55752829751107,HIP_26966,6,2147.04
113.94750061278376,-32.203609404971786,HIP_36948,6,3775.066
1.4694401385531761,-41.753362249066235,HIP_490,6,2237.76
173.94446971533924,-63.01991774578703,HIP_56561,6,362.88
176.43596710431382,-52.690657594633834,HIP_57375,6,332.64
178.93073907038186,-54.18079695612479,HIP_58167,6,332.64
179.84807874438872,-57.168095234635125,HIP_58465,6,332.64
180.46043263646996,-73.29860531187184,HIP_58674,6,423.36
181.06898910086696,-51.47262831684334,HIP_58859,6,332.64
182.67455272886014,-56.44244849649517,HIP_59360,6,332.64
182.8111250933849,-52.21766454522441,HIP_59413,6,332.64
183.04176288058423,-63.45422782390693,HIP_59502,6,362.88
184.7732379359976,-33.745479957612915,HIP_60072,6,302.4
184.8187193327976,-47.83014401920909,HIP_60084,6,332.64
185.11641712878853,-65.84278939906088,HIP_60183,6,381.024
185.92484428980714,-63.870198080351564,HIP_60459,6,362.88
186.2147815335562,-72.6040150871689,HIP_60561,6,423.36
187.0792666268442,-64.34111685014332,HIP_60851,6,362.88
187.5721727384804,-72.98536206714121,HIP_61017,6,423.36
188.30019273522234,-52.08298542960071,HIP_61257,6,332.64
189.52947126494357,-55.9313796951096,HIP_61639_A,6,362.822
190.61251661070241,-61.018647593402676,HIP_62002,6,362.88
191.00745821262097,-53.50584588714327,HIP_62134,6,332.64
191.0797389752826,-61.52558719181241,HIP_62154_B,6,362.88
191.14502305968455,-57.2871004721771,HIP_62179,6,362.826
191.79784937185696,-61.22362407195845,HIP_62391,6,362.88
191.91260035818698,-58.297737881473964,HIP_62428,6,362.826
192.0690873064273,-67.1312872411133,HIP_62482,6,635.04
192.58193539270826,-49.86366344001917,HIP_62657,6,544.32
194.99933767045863,-50.389627980336186,HIP_63439,6,544.32
196.3855734953914,-58.53560759065428,HIP_63886,6,635.04
197.74281142377535,-52.56710451734299,HIP_64320,6,362.822
198.66596891662343,-46.8577308779112,HIP_64617,6,332.64
199.52078092778876,-44.055612199184786,HIP_64892,6,332.64
199.60323818522588,-45.764872086475876,HIP_64925,6,332.64
200.35748704727317,-43.634522292777994,HIP_65178,6,332.64
200.4874976881987,-51.282447306941336,HIP_65219,6,362.83
201.0354566691719,-53.79327129769264,HIP_65394,6,362.835
201.14978123293878,-51.504673904063054,HIP_65426,6,362.823
204.94003207914085,-54.14834177515377,HIP_66651,6,362.835
205.15644384560784,-44.330457038333286,HIP_66722,6,332.64
206.06615915323488,-51.01266928029477,HIP_67036,6,332.64
206.79346736125302,-52.269455565394004,HIP_67260,6,332.64
208.8000519805534,-52.16106656447774,HIP_67973,6,332.64
209.08264388377998,-54.13266206471071,HIP_68080_A,6,332.64
210.4399370360211,-39.43889738748556,HIP_68532,6,302.4
211.53394789054803,-44.68930515637821,HIP_68867,6,332.64
212.21587207463432,-43.47097875990548,HIP_69113,6,332.64
212.7699135065652,-49.27339478674966,HIP_69302,6,332.64
213.3494457579002,-33.51853153123289,HIP_69475,6,302.4
213.68926824550755,-38.38140880131489,HIP_69605,6,302.4
216.49347317818123,-44.82333482398775,HIP_70558,6,453.529
216.87631184811505,-52.52538043290157,HIP_70689,6,332.64
216.88960201496806,-46.21375674255531,HIP_70697,6,453.518
217.2158416673948,-47.99232340118639,HIP_70809,6,453.511
217.49272444501918,-56.13146226703689,HIP_70904,6,332.64
217.54111481259702,-43.86414523644052,HIP_70918,6,453.503
217.80960502886705,-40.65618091338374,HIP_70998,6,393.05
217.88876747939267,-44.750751719160085,HIP_71023,6,453.52
218.23743723501806,-42.405692182179415,HIP_71140,6,423.285
218.77189265348784,-43.55480395698783,HIP_71321,6,423.276
220.02057382119312,-40.90090994364703,HIP_71708,6,362.816
220.07993555119273,-45.79409369196282,HIP_71727,6,423.282
221.12890952383756,-39.989144133126196,HIP_72070,6,635.04
222.62708033932358,-35.09358220254795,HIP_72584,6,362.853
222.7442974480201,-42.82278435757471,HIP_72627,6,423.283
223.6050309345577,-34.1431386002041,HIP_72940_A,6,362.835
223.7266606606069,-36.43067196342231,HIP_72984,6,362.844
224.22683997269553,-35.6955573655248,HIP_73145,6,635.04
224.97728263907072,-46.248183705224804,HIP_73393,6,332.64
225.491636876399,-34.359154016339524,HIP_73559,6,362.843
226.57445002030695,-35.40643114915903,HIP_73913,6,362.851
226.8118768684708,-29.504814099009174,HIP_73990,6,362.839
227.05008386142237,-40.58429238349555,HIP_74066,6,483.724
227.17679003687684,-44.48479966305344,HIP_74104,6,332.64
228.2541910737391,-37.24694843611664,HIP_74468_A,6,483.757
228.36638407270615,-33.147386766236956,HIP_74499,6,635.04
228.44195944442782,-23.541098160963614,HIP_74529,6,574.538
228.83152864690283,-44.149742296083915,HIP_74657,6,332.64
229.15444248649976,-42.37046845038597,HIP_74752,6,483.744
229.29432189144302,-34.57733360095267,HIP_74797,6,483.756
229.77246227006282,-36.36237934070284,HIP_74959,6,635.04
229.84281879641821,-34.03269588338645,HIP_74985,6,483.767
230.05548870560884,-34.925732732213554,HIP_75056,6,483.746
230.13058497162874,-28.287432733914475,HIP_75077,6,302.4
230.3751000622217,-38.21895288690405,HIP_75151,6,483.756
231.3165887801079,-38.1581584735262,HIP_75491,6,483.757
231.37536954894182,-36.199723879563855,HIP_75509,6,483.743
232.38726104883452,-57.24799126892736,HIP_75843,6,362.88
233.0249218060202,-69.17361215134632,HIP_76067,6,393.12
233.0428825642959,-21.967052768153977,HIP_76071,6,574.539
233.08364158961302,-31.143009570072245,HIP_76084,6,302.4
233.58647233368993,-39.349624659031115,HIP_76234,6,483.715
233.81702078231982,-25.734267493593777,HIP_76310,6,846.716
234.63569989503245,-39.16096993978921,HIP_76591,6,483.756
234.75006006785512,-19.732764933343596,HIP_76633,6,514.062
236.09419699362928,-41.81941429428824,HIP_77086_A,6,483.748
236.25003635667187,-59.12423807892405,HIP_77140,6,362.88
236.27627943136497,-35.102229996019425,HIP_77150,6,302.4
236.71494838449385,-36.9371149287469,HIP_77295,6,302.4
236.7682839781811,-35.51062517302997,HIP_77315,6,302.4
236.77542982910438,-35.51832310401847,HIP_77317,6,302.4
236.8469415437416,-25.86802026899776,HIP_77347,6,302.4
237.01348716117354,-25.21590593290904,HIP_77399,6,302.4
237.49895476815024,-25.15125219588352,HIP_77545,6,302.4
238.17868012338823,-27.090905124844458,HIP_77766,6,302.4
238.34121486200252,-21.97157514206954,HIP_77815,6,272.121
238.6732567157593,-22.766340311111787,HIP_77911,6,846.717
238.82303193122303,-23.368029165254985,HIP_77960,6,272.112
239.02335957887533,-36.89296095891563,HIP_78043,6,635.04
239.19923776777372,-23.184351617246943,HIP_78099,6,272.121
239.36845446374417,-50.270022878482926,HIP_78150_A,6,332.64
239.49707726603003,-31.729224112442004,HIP_78196,6,302.4
239.70870077731195,-32.05262679574976,HIP_78263,6,302.4
240.48091128642457,-21.980663606739608,HIP_78530,6,272.122
240.55632477200083,-22.687829725257107,HIP_78549,6,272.122
240.57695921615473,-35.2702680755888,HIP_78555,6,302.4
241.00086902643636,-19.76772593249595,HIP_78702,6,272.126
241.18512578379458,-39.43496108474168,HIP_78756_A,6,302.4
241.32965282208252,-23.669396308697923,HIP_78809,6,272.122
241.44256909844208,-39.84364802706994,HIP_78853,6,302.4
241.7413064412236,-27.71965541181774,HIP_78943_A,6,483.708
241.7693479056038,-16.94349611922991,HIP_78956,6,272.128
241.8121014647686,-17.93628341702834,HIP_78968,6,272.127
241.87455912030282,-23.95096303236254,HIP_78996,6,272.122
242.2607456568445,-18.995843610882748,HIP_79124,6,272.124
242.3369375093355,-19.457477680362686,HIP_79156,6,272.125
242.6054150335657,-23.106849154181067,HIP_79250,6,272.109
242.72955948201164,-25.522786421783554,HIP_79288,6,846.717
242.96928974434698,-22.54531398096367,HIP_79366,6,272.122
242.98120629253444,-21.105271925302787,HIP_79369,6,272.124
243.02452664104212,-23.24598901896833,HIP_79383,6,272.122
243.09085876914796,-19.57932221523512,HIP_79410,6,272.123
243.18366895809604,-19.503156612791827,HIP_79439,6,272.123
243.39294245344655,-45.81779702137611,HIP_79516,6,635.04
243.43945507437397,-24.422313183142155,HIP_79530,6,483.736
243.72248984777616,-25.47721087273309,HIP_79622,6,483.727
244.1181238517845,-38.736884876909585,HIP_79742,6,635.04
244.21078707504637,-25.86324080851411,HIP_79771_A,6,483.714
244.22231581241365,-23.11074713681596,HIP_79779,6,483.72
244.24467073710753,-21.304425683035035,HIP_79785,6,272.117
244.56718663396174,-28.041996399188477,HIP_79878,6,483.707
244.61759378349757,-23.27460101160098,HIP_79897,6,483.702
244.87179741589745,-21.403791665845993,HIP_79977,6,846.717
245.02274475021068,-20.056681546706116,HIP_80024,6,272.121
245.11705058449698,-21.509318910981033,HIP_80059,6,272.119
245.20926724722847,-22.59419302011549,HIP_80088,6,846.717
245.65297446950194,-24.38327890141391,HIP_80224,6,483.707
245.94642144649455,-26.27129063292245,HIP_80311,6,483.729
246.24633430329192,-25.355285659232116,HIP_80425,6,483.71
249.11929041172274,-40.303271061778666,HIP_81316,6,392.999
249.62873731078398,-39.15257189442737,HIP_81477,6,392.997
250.46650020198717,-40.4664785724965,HIP_81751,6,392.997
251.45169463859835,-26.64977939895189,HIP_82069,6,302.4
252.68948658318666,-38.256678241754344,HIP_82430,6,392.992
253.10372345286328,-37.60770862832617,HIP_82551,6,392.994
253.1327132725387,-42.99207491957616,HIP_82560,6,411.125
253.6868253773103,-36.888607988281784,HIP_82747,6,635.04
256.0033137049759,-25.698261509442137,HIP_83508,6,302.4
256.5840148949241,-37.227875414730484,HIP_83693,6,392.99
259.4146306916069,-26.62929231884456,HIP_84605_A,6,302.4
260.21082564913075,-45.420988516329984,HIP_84881,6,635.04
261.37344909520255,-29.670929714718977,HIP_85278,6,302.4
261.73026319891727,-25.94378752697654,HIP_85391,6,302.4
262.93485443294446,-26.269980707786527,HIP_85783,6,302.4
263.10248326271386,-34.27978777500795,HIP_85839,6,302.4
263.9292657161715,-37.44026009885202,HIP_86098,6,302.4
266.1887003142362,-39.848759254719184,HIP_86853,6,302.4
266.7802245891834,-38.112491914188354,HIP_87042,6,302.4
269.0051723492074,-33.62840402009103,HIP_87791,6,302.4
269.42040473018346,-39.10206263514151,HIP_87924,6,302.4
270.7642401623534,-51.649350976447145,HIP_88399,6,2147.04
281.36237892978755,-64.8718257671484,HIP_92024,6,4550.43
290.71353093534265,-54.424253001621295,HIP_95261,6,3382.707
290.7457587896232,-54.53837034724608,HIP_95270,6,2147.04
302.27190107775374,-26.22430469075229,HIP_99273,6,1360.8
189.00393751908928,-39.869629007166715,HR4796,9,3507.831
49.57036092993213,-62.50247888545035,HR_1010,7,14313.481
189.0039145304922,-39.86963544463171,HR_4796,6,786.24
346.8701293605893,21.13404421963346,HR_8799,6,12093.117
129.2832500000173,-39.41816667000125,Hen_2-11,6,2449.44
53.074712499975206,30.82992222222461,IRAS_03292+3039,6,2116.8
36.73745088094933,-53.45109295257812,J02265658-5327032,7,907.2
71.64233953120552,-26.465814122053764,J0446AB,7,1572.48
72.09466696773775,29.772828077937106,J04482274+2946227,7,393.12
73.90387485939952,30.298550300162955,J04553695+3017553,7,393.12
74.00829148145392,30.350883633491247,J04560201+3021037,7,393.12
77.03392082541752,24.454022522306126,J05080816+2427150,7,332.64
108.02716387810162,-47.878448134741014,J071206,7,2298.24
147.25239724832667,-71.63399784104902,J0949AB,7,3567.961
336.9296939728347,16.732220402692413,J222743,7,3326.396
355.10263917187893,44.33384966568218,Kappa_and,6,393.12
72.00374709239522,14.66576103955548,LDS_5606_A,7,1481.76
72.01090638011046,14.664020665129364,LDS_5606_B,7,4224.286
11.248973772003824,-15.274728545341631,LHS_1140,6,12984.876
35.861553238148886,22.734622959787373,LP_353-51,7,1511.999
75.49510924941777,9.982582653972258,LP_476-207,7,1028.16
213.57020180376796,-15.35448499105618,L_836-122,7,876.96
153.57911847381592,21.074082663253545,MCC_124,7,1300.32
200.53072712401107,-69.63685196105556,MP_Mus,7,362.88
234.51092493417687,-38.123226511921594,MTLup,7,1982.979
310.46488563069255,-32.43758817769116,NAME_AT_Mic_AB,7,876.96
238.23378230939565,12.912146758144893,NN_Ser,4,8074.076
283.2746003206432,-50.18091220652739,PZ_tel,6,453.6
217.38943084392469,-62.675964260824344,Proxima_Centauri,6,5624.011
235.17140718953684,-37.938627419359236,RXJ1540.7-3756,7,1982.675
235.7759146420972,-39.33885323596136,RXJ1543.1-3920,7,1982.904
34.48363680200914,12.423782803532985,RX_J0217.9+1225,7,1058.4
17.42540554649905,27.950456119551284,RZ_Psc,6,4318.264
208.84964512769653,8.945932780924569,SDSS_J135523.92+085645.4,6,2661.12
212.89458749998127,10.477716670001065,SDSS_J141134.70+102839.7,6,2721.6
219.94845833000159,-1.101911856558432,SDSS_J143947.62-010606.7,6,2540.16
235.1592517138224,-34.36030586571644,SSTc2dJ154038.3-342137,7,2030.736
236.67157324676157,-36.31330703189302,SSTc2dJ154641.2-361848,7,1982.823
237.49660682887475,-36.499431068163695,SSTc2dJ154959.2-362958,7,1982.769
238.08121230013924,-38.32554063404305,SSTc2dJ155219.5-381932,7,1982.64
238.85913558206522,-33.63996108065855,SSTc2dJ155526.2-333823,7,1982.701
238.89069895481177,-37.16154668584218,SSTc2dJ155533.8-370941,7,1958.556
240.49647416393998,-36.215591981360895,SSTc2dJ160159.2-361256,7,1982.732
240.799118121653,-32.65578844875732,SSTc2dJ160311.8-323920,7,1982.803
240.96863481929026,-39.65049071987836,SSTc2dJ160352.5-393902,7,1982.778
241.12721905305293,-32.12480118500987,SSTc2dJ160430.6-320729,7,1982.727
241.80700364787646,-38.65675240254175,SSTc2dJ160713.7-383924,7,1982.941
241.80824002416747,-38.877262522806305,SSTc2dJ160714.0-385238,7,2030.969
241.95658757617176,-39.07484198893538,SSTc2dJ160749.6-390429,7,2030.895
241.99532624648202,-39.40978407769843,SSTc2dJ160758.9-392435,7,2031.266
242.06676020231558,-39.051327559698365,SSTc2dJ160816.0-390304,7,2031.255
242.14395517355538,-39.09296158231825,SSTc2dJ160834.6-390534,7,2031.358
242.1740990165095,-39.02707535286858,SSTc2dJ160841.8-390137,7,2031.261
242.1780111887183,-39.10522628692574,SSTc2dJ160842.7-390618,7,2006.988
242.20059827564515,-39.07212657793912,SSTc2dJ160848.2-390419,7,2007.101
242.28537716893703,-39.06209466441648,SSTc2dJ160908.5-390343,7,2031.26
242.32130760094498,-39.452808502319826,SSTc2dJ160917.1-392710,7,1982.71
242.42725712660746,-39.32822611126498,SSTc2dJ160942.6-391941,7,1982.783
242.48776601537233,-38.99679947995617,SSTc2dJ160957.1-385948,7,1982.781
242.55076433613414,-39.355121917008695,SSTc2dJ161012.2-392118,7,1982.901
242.5683263712465,-39.134882993510196,SSTc2dJ161016.4-390805,7,1982.717
242.97218111393292,-39.03786397806339,SSTc2dJ161153.4-390216,7,1958.529
243.2599853681892,-40.07594447482637,SSTc2dJ161302.4-400433,7,1982.854
277.45754166668837,1.2556277777778337,Serpens-FIRS1,3,2419.2
101.28428712903747,-16.72240898978856,Sirius,5,302.4
101.28429404674007,-16.72225363820027,Sirius_A,3,302.4
281.719121799408,-62.17725026017093,Smethells_20,7,1118.88
76.73129061264075,10.997693509076695,TIC_284730577,7,1360.8
203.60207657808576,-65.29658855457758,TIC_316430346,7,1542.24
238.714161835285,-31.913035661402933,TIC_442813719,7,1149.12
169.46576301568157,-64.03488886784865,TIC_467773418,7,1512.0
160.6267208332773,-33.671305555575245,TWA_7,7,4777.92
299.0184022914404,-32.12745988015745,TYC7443-1102-1,6,2237.76
340.7057904091882,-71.7062263481733,TYC9340-437-1,7,10674.668
56.256989937277126,19.559110892846686,TYC_1256-516-1,6,254.006
54.395551921519235,24.236326640932216,TYC_1798-465-1,6,254.007
53.69679330400364,26.094530195454332,TYC_1802-95-1,6,254.003
330.1737077692639,27.253687625645213,TYC_2211-1309-1,7,1391.04
284.5173965151223,-29.884865600384902,TYC_6872-1011-1,7,876.96
228.25264723471346,-37.2480399801015,TYC_7324-1668-1,6,1451.479
299.01841573794434,-32.127469853430064,TYC_7443-1102-1,7,876.96
92.76483167338979,-47.19142502930518,TYC_8105-370-1,7,2298.24
345.30301599927174,-58.97280599014207,TYC_8830-410-1,7,2661.12
26.00862561196497,-15.933522128537025,Tau_Ceti,6,20624.364
284.51949645751915,-29.892484405240165,UCAC2_19527490,7,876.96
93.30526164355909,-27.701519743760386,UCAC2_20312880,7,1753.111
299.0125068456925,-32.122171227259955,UCAC3_116-474938,7,876.96
302.5003772741396,-28.028652844840842,UCAC3_124-580676,7,876.96
83.49932629493108,-2.359312112055246,UCAC3_176-23654,7,725.76
198.41271683959383,-19.634775006068445,UCAC4_352-065533,7,4171.399
246.95767077695314,-24.42812475500304,VSSG14,6,483.708
341.25138321316706,-33.25776255206092,V_star_TX_PsA,7,876.96
341.2426515633541,-33.25108097221335,V_star_WW_PsA,7,876.96
279.2358881463819,38.78502828180798,Vega,6,23833.32
13.322407339577946,-32.99888423168187,WD0050-332,6,574.56
37.11288273785794,-32.71059965065495,WD0226-329,6,574.56
57.20957386276246,-0.9765425328868041,WD0346-011,6,604.8
70.25776377161829,10.99438378413034,WD0438+108,6,665.28
93.82748012054482,17.725920300923963,WD0612+177,6,756.0
95.80304323509642,-37.69114066961012,WD0621-376,6,574.56
245.8915553616556,-39.22948216643876,WD1620-391,6,574.56
281.9859894898388,-22.3273638620756,WD1844-223,6,574.56
302.2745140210117,-60.42886259778608,WD2004-605,6,665.28
310.64690201121635,-20.07718331873106,WD2039-202,6,574.56
333.54974715920537,-49.3245963496582,WD2211-495,6,604.8
337.4107551325602,-20.837146436997518,WD2226-210,6,4898.879
339.01282168490485,0.12297089905345168,WD2233-001,6,604.8
348.09084733145164,10.784406905634018,WD2309+105,6,665.28
86.82121564020545,-51.06606990881603,beta_pic,6,4656.696
86.82122705855912,-51.066192909944206,beta_pictoris,6,3053.739
53.22716106474937,-9.458194767423569,eps_eri,6,2981.933
53.22855568120675,-9.45317720597913,epsilon_Eridani,6,15420.103
188.01591736242042,-16.196101793378563,eta_Corvi,7,6799.876
181.7207908210999,-64.61392160575959,eta_Cru,6,3624.392
198.7906023880626,-67.88054158908649,eta_Mus_C,6,393.12
188.0145293974936,-16.196406769577184,eta_crv,8,6076.922
344.4150690207793,-29.62329472936207,fomalhaut,7,23925.658
190.41190906449293,-1.449047586224928,gamma_Vir,6,4106.892
86.11418770261156,-22.450303245991496,gamma_lep,7,1088.64
190.41193288305757,-1.4490525665957419,gamma_vir,7,3452.147
184.7762470018576,16.54758991027072,hd107146,7,2963.52
189.94223794368153,-49.198839847840766,hd110058,6,8164.702
208.82840492553723,-53.528654696399805,hd121191,6,604.8
223.78330400668173,-41.12052799969034,hd131488,8,967.68
233.81698475095948,-25.734310070016,hd138813,8,1451.52
237.4905360925772,-3.9212897899524535,hd141569,3,5564.143
243.74054924762314,-39.62800622153384,hd145880,8,1270.08
75.61435416381434,7.460872151964239,hd32297,7,3870.688
160.8666514806937,-29.064522167665075,hd92945,7,14570.49
164.26197217050156,-68.6672764178524,hd95086,8,4535.995
189.94223467308169,-49.198846484957556,hd_110058,8,876.96
290.74578390410323,-54.53842733578441,hd_181327,7,2661.117
52.97385940110668,-25.61423585758638,hd_21997,8,997.92
104.99673354317835,-61.33477123006019,hd_53143,6,23684.168
164.26210377977227,-68.66729534297889,hd_95086,6,16327.387
189.00395192695066,-39.86962045607937,hr_4796a,7,3084.479
346.87020146184847,21.134014720581174,hr_8799,7,77762.964
194.00595078688534,-12.95886530905954,j1256-1257,7,4354.536
342.02050592284803,-24.369779615787184,lp_876-10,7,6070.765
238.23387916998257,12.912411110000596,nn_ser,7,1391.04
25.623462649674426,-53.74131839880477,q1_Eri,7,5806.02
346.62710929629566,-5.043869234102322,trappist-1,7,16348.437
12.296542803622147,5.377088616216993,vMa2,6,2903.04
